Transaction_ID,Product_Category,Quantity,Price,Customer_Age,Family_Size,Date,Promotion,Total_Sales
f57edcd4-39f1-4b93-a0b2-0cf9d2dcd4f4,Snacks,7,33.57,28,6,2024-04-22,No,234.99
b767dc7b-12d5-42ac-9c83-00b6a26c2b16,Clothing,3,22.37,25,1,2024-02-09,No,67.11
42167d13-9dec-4a1e-aaea-40f16f8103db,Snacks,1,28.08,21,6,2024-03-10,Yes,28.08
01b63813-c62d-4b84-a783-04afeac54a93,Stationery,7,11.02,39,6,2024-10-05,No,77.14
0631bdc0-1928-431c-b07f-7a5732effa80,Toys,5,10.98,38,3,2024-01-19,Yes,54.9
0cc18d81-5dfc-4180-95fe-8a677eed1230,Snacks,9,12.66,27,4,2024-12-23,No,113.94
af12b7d0-97dc-4d9b-a934-a1d4b2931760,Clothing,6,7.69,26,4,2024-11-05,No,46.14
dc887940-1b81-49f8-a984-3f19bc0af95d,Snacks,5,25.92,42,2,2024-12-23,Yes,129.6
ae0c64fd-3bc6-4bbe-813d-d5d201c4be38,Stationery,7,40.11,29,3,2024-02-12,No,280.77
a8590824-0610-432d-9429-be1ed226ffd8,Snacks,5,32.88,42,6,2024-11-15,No,164.4
d0d056fd-ec46-4734-b22c-be4f66876a8e,Toys,1,15.69,48,2,2024-07-24,Yes,15.69
6c53afe4-8641-4e7d-b402-e0e8826be068,Books,3,19.1,24,6,2024-09-22,Yes,57.3
d8066984-71c4-4586-9bc8-7c4e0663a4b4,Stationery,4,6.48,28,6,2024-06-10,No,25.92
41f5c286-042a-4825-a6dc-13d2f820500c,Snacks,1,9.75,50,2,2024-01-05,Yes,9.75
920abb17-bc92-4048-8b1f-fe812aa3f9cc,Clothing,7,4.64,30,5,2024-03-24,Yes,32.48
4dd8b280-9b33-4686-8377-38998cc3e8e3,Books,4,6.35,36,3,2024-03-11,No,25.4
66964ef2-85a5-4524-ac39-4a287d76b8ca,Toys,4,27.68,21,4,2024-03-16,Yes,110.72
0e76449f-fce1-4143-a372-c185b5d6d683,Books,2,44.29,36,6,2024-07-14,No,88.58
c03a52b2-a275-4fff-baa2-55f66ef8a7f8,Clothing,6,14.93,46,6,2024-08-06,Yes,89.58
2be3faa2-01f3-45ab-8588-ec369b095fef,Snacks,4,14.64,23,6,2024-04-25,No,58.56
71340e43-505b-49b2-88d0-f473bd7d26ee,Snacks,4,29.83,26,5,2024-10-23,Yes,119.32
bc4ffd5c-c854-418e-80d6-527c5605ad63,Books,7,6.77,27,6,2024-11-28,No,47.39
0573d2b3-46fb-4f86-9ab3-d7e81dcf9c2b,Clothing,4,22.04,30,2,2024-01-22,No,88.16
1b478bb6-a6d5-428c-a2c8-00360ddc22f1,Snacks,6,6.39,36,5,2024-01-28,Yes,38.34
aeefc0d5-b1c6-40a7-b822-3be374ac9faf,Stationery,7,22.74,36,6,2024-05-27,No,159.18
66156642-e2f5-4300-b751-8a3d31499c6d,Toys,8,35.31,23,4,2024-02-12,Yes,282.48
95137d8e-eaee-45a2-938f-4bda6b634327,Snacks,2,46.0,40,6,2024-02-07,No,92.0
43e1270a-816f-43ac-8f30-f94a538de897,Toys,1,40.75,42,5,2024-10-14,No,40.75
17fde6af-b9d5-41a2-8383-d3de7afb8306,Clothing,10,8.78,31,3,2024-06-04,Yes,87.8
364d4b87-bb26-41dc-9f66-fb0aa181cac8,Snacks,6,3.7,23,6,2024-05-14,Yes,22.2
84ca0844-d66a-410e-90fe-1ee59da64d74,Clothing,3,33.48,46,3,2024-03-05,Yes,100.44
de983455-3a47-4a63-b465-18d0a469de4d,Books,3,50.97,31,4,2024-12-25,Yes,152.91
b9d85ebd-2cca-414a-81da-16b06f5bb945,Clothing,8,18.41,46,6,2024-10-21,Yes,147.28
be1e5c92-228d-4b95-ac4a-84e9b08bcb0b,Books,4,5.99,40,5,2024-05-05,Yes,23.96
b01cd936-cd2e-4f28-af88-c58b3a463e79,Clothing,7,43.6,34,2,2024-12-28,Yes,305.2
7d8e46da-734e-4af4-a4b3-ff84ac5c3318,Toys,10,33.35,43,1,2024-07-30,Yes,333.5
5500609a-0f85-4634-b88d-50699af449c6,Toys,10,8.04,33,2,2024-06-22,Yes,80.4
135b9ae3-61a3-418a-a5df-a12641304606,Snacks,3,32.33,46,1,2024-11-26,Yes,96.99
504e6220-93a5-42c4-ad7d-c9f6532bd982,Stationery,5,35.75,35,3,2024-10-01,Yes,178.75
a197817f-c7ff-4db3-9d88-a36a41450690,Books,2,15.02,27,2,2024-04-29,No,30.04
a3a74929-5164-46a6-8454-4c520efcb07a,Toys,6,49.21,21,4,2024-07-31,No,295.26
9b4e9627-a35a-4ef4-8ee5-e80f85df3969,Clothing,9,4.74,29,5,2024-03-05,No,42.66
b9dd00df-a4db-45d7-913a-db108b0aa0cd,Toys,4,14.48,24,2,2024-08-24,Yes,57.92
00d304b0-7207-44bc-a471-0e9e9c1b822f,Stationery,10,14.21,31,2,2024-10-16,No,142.1
7a587b77-aded-45f3-9292-31bf54366f4d,Stationery,1,12.34,42,2,2024-10-29,No,12.34
81823024-0711-49f3-bbb5-77caec73cae7,Clothing,9,36.72,39,4,2024-08-08,Yes,330.48
e730a1be-6523-48c8-8c3f-6c62079d4b23,Clothing,6,33.2,40,6,2024-06-24,No,199.2
83ac487c-0141-4f68-b657-3a2b9efb43bd,Stationery,9,15.99,37,4,2024-04-10,Yes,143.91
58941d69-eb2c-4e19-9aa7-68144391d458,Toys,8,29.43,50,5,2024-12-07,Yes,235.44
03592efd-0784-42aa-ae61-c6db1900f13b,Stationery,3,8.2,30,3,2024-08-28,Yes,24.6
9194ac0d-e8f0-4eb2-8ede-c9dd20145c70,Toys,4,18.95,26,4,2024-03-22,No,75.8
e485516d-ab9e-4192-92fa-88f87375e3a8,Stationery,8,16.52,40,5,2024-03-07,No,132.16
418b9a79-3ba9-45b0-81bd-317970adcc50,Stationery,7,44.77,47,6,2024-12-17,No,313.39
9c668151-541e-48f1-949f-c3ea512f58f9,Snacks,9,6.51,25,5,2024-09-05,No,58.59
472414f5-c023-4967-a2f3-3b707a02bb5b,Toys,4,46.84,22,3,2024-11-21,Yes,187.36
9fd54710-e566-4484-aa84-3c6d2d972ac8,Snacks,7,15.09,40,1,2024-05-06,No,105.63
4ff57752-4fc4-4c58-bef1-bac6f34e7bf2,Clothing,10,6.14,23,1,2024-04-18,No,61.4
d5b99603-d82b-4c34-84e7-796e3656110a,Books,4,24.66,29,3,2024-05-16,No,98.64
31cdfef5-1a8d-45b3-92fc-67d52a9f4608,Books,5,22.48,43,6,2024-05-19,Yes,112.4
46fb77a2-bd8c-4ea2-b8ac-3175fc77f327,Snacks,2,49.52,42,4,2024-04-09,Yes,99.04
5c6b5b57-abd2-4a00-96a1-9ff9d2156324,Clothing,2,16.43,23,3,2024-04-09,No,32.86
50ace862-b8d7-4f59-931b-302f5b069ac4,Clothing,5,19.01,40,1,2024-12-04,No,95.05
aa8c0df8-6a3c-4a3a-87dc-bb28eb81f73b,Books,7,32.88,29,4,2024-03-30,Yes,230.16
798bb9e1-e456-4864-adf1-0ac4c1293b8f,Books,5,48.31,28,6,2024-10-24,Yes,241.55
67b8fd19-33c7-4eb4-a852-6f59ec8b51d9,Stationery,1,42.52,42,4,2024-04-20,No,42.52
52647344-dc0f-4d15-8be6-e65b391c7281,Clothing,7,19.12,29,1,2024-01-08,Yes,133.84
c12970d1-99f4-4594-a5bd-c3bbc7a8b9b5,Stationery,7,7.96,35,3,2024-12-25,No,55.72
916ad5d7-2b9a-487f-8ed8-afdb48a058c0,Stationery,5,46.76,35,6,2024-08-28,No,233.8
84257309-19eb-4b83-910c-b6f1a0d3e4ef,Toys,10,39.23,29,1,2024-01-05,Yes,392.3
044bf032-3642-4998-a1fb-1cda0d0693b0,Stationery,4,31.86,43,1,2024-10-13,No,127.44
280a32d8-0551-4fcd-92da-7608c69a4900,Clothing,7,47.83,42,1,2024-02-10,No,334.81
82f53850-7ba9-40a7-a52f-18c31ffb0ead,Stationery,1,21.02,46,5,2024-11-23,Yes,21.02
fe2b0f85-6c23-49d2-a637-362dd5dd1cce,Books,9,15.68,21,2,2024-05-13,Yes,141.12
305bd468-0b6c-4dbb-81c1-b77efccc9b9c,Books,7,20.22,39,2,2024-10-19,No,141.54
3344b6cf-bacf-4a6a-81be-c8ed02961f17,Snacks,5,18.32,24,4,2024-04-10,Yes,91.6
e7c39108-0c95-4ea4-9ca2-f17c08022bc1,Clothing,10,18.0,48,1,2024-04-20,Yes,180.0
8cc49996-376e-4b0d-a7ef-0b63a05cf37e,Clothing,7,13.72,40,6,2024-12-26,Yes,96.04
720ec45c-ff74-48b0-9951-1ff9fa7627e0,Stationery,9,48.98,49,2,2024-02-26,Yes,440.82
98e1b7a0-55a0-423f-a4f1-a06fa9b596f0,Snacks,8,19.32,49,1,2024-01-21,Yes,154.56
70da9d81-455d-4b8d-9b1e-421417402b1a,Books,5,39.96,49,5,2024-05-12,No,199.8
0949c856-e0d9-45fa-afa2-fff60585f9b4,Stationery,9,34.82,47,3,2024-06-23,Yes,313.38
b780043a-ef6f-44a6-9747-b40644ce012c,Books,10,10.27,44,1,2024-05-10,No,102.7
baf8eb03-9270-4dbd-a3be-a36f0fcced90,Stationery,10,30.86,42,4,2024-11-11,No,308.6
ddff4c33-f352-4c25-9bd1-f448d6046894,Toys,1,24.11,45,1,2024-06-21,Yes,24.11
236600e7-e7d2-4e94-bb8e-227ae16af3a3,Toys,5,46.41,22,1,2024-09-15,No,232.05
7a361789-1c5e-4d8a-bcb2-d58c9b47b72b,Toys,10,29.99,40,4,2024-10-05,No,299.9
560a2454-e8dd-4732-a9e5-5b1d2c69b6ce,Stationery,4,38.15,45,4,2024-09-10,No,152.6
19713f8c-db11-4bba-aacb-4a87c64358c6,Books,6,5.54,48,3,2024-12-12,Yes,33.24
265d5c64-acd6-4baf-bd3e-7f834dc466cb,Stationery,7,24.89,50,1,2024-07-02,No,174.23
57aee8f5-744f-4be0-b73c-9e08b0e2eef1,Clothing,4,27.64,34,1,2024-09-22,Yes,110.56
2e05de76-1967-4fe5-aec9-a2fafc96bb9c,Books,10,47.31,30,1,2024-09-20,Yes,473.1
867f169a-4a6f-4e7c-b67e-701fb3a0984c,Snacks,7,50.75,47,2,2024-09-17,Yes,355.25
0035d652-0f4b-4647-8a29-8d472ebf9cf8,Stationery,4,23.77,44,3,2024-08-16,Yes,95.08
42a989c9-30ba-4804-9d60-9db263bcf456,Snacks,10,10.64,30,1,2024-12-01,Yes,106.4
0ad48ee5-1839-434b-84d0-3f618b671513,Toys,10,9.89,49,4,2024-04-10,No,98.9
71f442b4-0ee9-46ba-bd5e-5e552c7c352c,Snacks,5,20.17,45,3,2024-05-31,No,100.85
dd59af02-234b-4267-81ee-52fae89d7b93,Books,5,14.79,37,1,2024-09-09,Yes,73.95
2eff4031-4e43-4de1-b029-f84525e1a12d,Toys,2,20.2,27,3,2024-12-16,No,40.4
3e77fc4e-995f-466c-ad84-93567a6ee76b,Toys,5,47.57,21,3,2024-03-04,No,237.85
e5794781-e362-47e1-a39c-5a2eb15c4342,Clothing,6,31.76,49,4,2024-05-26,No,190.56
74f64dfe-4419-4258-a63e-1347dc158e8c,Books,5,37.44,34,6,2024-01-07,No,187.2
46325ba5-2acc-49a8-be85-7f655ce06fd9,Stationery,8,13.77,33,4,2024-03-08,No,110.16
285da266-ff08-4169-a82f-5bc154c59d0c,Snacks,6,42.05,45,4,2024-09-22,No,252.3
9deedea3-c233-4b5f-bf8a-e7cfdad2f851,Toys,6,41.1,42,4,2024-02-17,No,246.6
de4d86be-22bb-41b4-be6a-291448d7669b,Toys,2,24.26,35,5,2024-07-19,Yes,48.52
67408636-fda7-4377-a254-b540bcae207b,Stationery,6,3.21,37,2,2024-01-04,Yes,19.26
83ee702b-1954-4cb0-9376-8783aba706e4,Toys,2,47.9,20,4,2024-08-06,Yes,95.8
afa9a3f8-2567-42ea-b3bf-d3e8d084280f,Books,1,48.54,29,3,2024-10-03,Yes,48.54
b1df3939-6c96-4680-a4b6-ed8ebca4008c,Stationery,5,5.55,48,2,2024-01-15,Yes,27.75
996287d0-b2ef-42f9-9152-5b7d487a3471,Stationery,9,29.91,41,1,2024-12-13,Yes,269.19
eeaee740-5f46-45cb-b25d-41c276c72bdb,Clothing,9,45.16,21,6,2024-09-16,No,406.44
ae1c260e-4d85-476f-9e57-1211e967677e,Clothing,8,48.97,33,1,2024-10-15,Yes,391.76
afe9b8e7-a1ac-4cdc-b990-442deb53e94d,Toys,6,27.17,35,5,2024-08-24,Yes,163.02
2514edb1-439d-41b7-a6c5-3776b73627a8,Clothing,9,17.72,27,6,2024-02-29,No,159.48
aec69735-0460-4f18-8df4-4b8ca30c5121,Clothing,5,12.71,35,4,2024-09-19,Yes,63.55
5ce869c1-a443-4a19-bfc2-06be1780d6c4,Clothing,9,19.55,23,1,2024-06-17,No,175.95
8292314b-1645-401d-bc3a-943ea64cf6b2,Clothing,3,26.09,48,2,2024-01-06,No,78.27
f030a785-19f6-4547-bda8-d9174ccb1607,Toys,2,2.45,25,5,2024-01-09,Yes,4.9
2d5ef91d-0302-4657-90c6-f3439bc38647,Stationery,2,4.59,44,3,2024-01-22,Yes,9.18
38790d31-0826-489e-b4d9-9e7ade5e02f4,Clothing,2,33.58,36,5,2024-04-04,No,67.16
ef1783ab-dcd1-4f6a-bb25-c83c50c81a3b,Clothing,6,50.28,50,5,2024-05-29,No,301.68
81069d09-052b-4cda-90f2-95e035261a33,Clothing,9,2.83,50,1,2024-01-22,Yes,25.47
066efb61-1ccf-4633-8689-7a8442a4189f,Stationery,10,31.61,37,3,2024-05-09,No,316.1
5296e5b9-5c1e-4b01-b312-973668e55238,Snacks,8,19.5,36,2,2024-02-19,No,156.0
5e34634e-d826-49ac-b1c6-d0de2b846c1a,Toys,1,44.86,50,2,2024-01-02,No,44.86
91ead075-8fc8-4ed9-bc20-e1bcc11310fb,Toys,9,17.43,48,1,2024-10-08,Yes,156.87
722d40d6-3fa7-42d1-abf7-c2b791ede166,Clothing,3,20.36,37,1,2024-05-15,Yes,61.08
c7c53548-7e38-442f-af6b-4a278631831a,Stationery,1,28.97,29,5,2024-09-13,No,28.97
d17ce424-8844-4d75-b548-d2724bfbb244,Books,10,27.89,27,6,2024-07-10,No,278.9
43cd51f5-22c6-44ce-87fe-7db97f8312e8,Stationery,7,16.1,31,4,2024-09-08,No,112.7
00a2eb61-e382-40f8-b10e-3a37e5673e98,Books,4,8.28,42,2,2024-09-17,No,33.12
d1fe4cc1-d890-4e4d-ad6e-e61d311806f7,Toys,5,9.24,20,4,2024-03-21,Yes,46.2
7cd96f92-69b0-4a95-ad86-4a6115213922,Toys,6,8.7,39,4,2024-03-03,Yes,52.2
af1335f4-8bda-465f-a592-88fafed18535,Clothing,7,24.55,36,5,2024-01-17,Yes,171.85
3e99c5c0-4020-40c3-a71b-12a0c57cb91a,Stationery,1,9.34,30,1,2024-12-10,Yes,9.34
71cee4d6-33f7-4f3f-9e22-79b4d1d234f3,Stationery,5,13.63,49,1,2024-02-27,Yes,68.15
09d99904-3ba4-4b0e-8e5e-cf84909854f1,Clothing,4,29.38,43,2,2024-09-09,No,117.52
6ab0c5b8-08e8-44fe-8b5e-f881966439ab,Clothing,1,16.24,43,3,2024-08-09,No,16.24
f20cee62-5929-4d21-b00b-15534b09708d,Snacks,2,46.76,27,6,2024-04-23,No,93.52
94055b46-ca8c-4e6e-a828-a46d68bc0255,Clothing,10,35.81,21,4,2024-08-05,Yes,358.1
c694f6a6-1e09-4a3c-929d-d7efafef2c4d,Books,3,5.96,30,1,2024-08-01,No,17.88
c68d7715-90b8-4f74-add5-bb2eb664de3b,Snacks,10,44.57,45,2,2024-05-25,Yes,445.7
1667ae8a-9b67-4972-8a0c-c025e0d1bfa1,Books,9,25.1,22,6,2024-01-10,Yes,225.9
5dbf691e-d16a-45f5-a26a-9ccb6384505d,Stationery,2,11.94,31,6,2024-05-05,Yes,23.88
23f518d6-d05e-4efc-af06-1613b1ac6bb5,Clothing,3,23.02,50,1,2024-05-09,Yes,69.06
b428a5e0-a953-4228-ab37-bc1e85e6f759,Toys,7,39.78,48,6,2024-06-15,Yes,278.46
7534c745-3ed9-49de-b863-ea36e30331e1,Snacks,9,4.58,26,1,2024-11-05,Yes,41.22
10ed8423-2278-4168-b7db-e40b098c90ff,Books,4,39.12,45,6,2024-06-17,Yes,156.48
98968157-d48d-40f3-a3ca-cceee9dd4ace,Stationery,7,43.11,30,6,2024-04-15,Yes,301.77
f07d6f8c-c7db-416e-ab55-dd72a6d86c49,Snacks,4,43.24,27,2,2024-06-14,Yes,172.96
559b8d74-6190-4b38-a0c4-5f95be23d4ef,Stationery,8,39.79,20,4,2024-04-25,Yes,318.32
a7a8070e-03e4-4260-9fe3-a8dc45de603f,Snacks,3,12.76,21,5,2024-05-11,No,38.28
992436a6-adfa-4846-baf5-a6e171ee71e3,Snacks,5,13.68,50,2,2024-05-02,Yes,68.4
dea5a73f-00b3-4ba0-8186-ab44b4fa4814,Books,4,48.86,43,3,2023-12-31,No,195.44
b82c095d-616b-47bd-9c9c-b66f78acc10c,Stationery,3,27.77,34,4,2024-01-02,Yes,83.31
9b6cb7e7-b114-4b44-b5d4-8f03aa8489e5,Snacks,7,17.97,30,3,2023-12-31,No,125.79
891edf2f-fd78-471a-b38f-011ebb80980f,Stationery,5,20.97,34,3,2024-09-01,Yes,104.85
f49504b5-70da-4840-9603-5e136274fca2,Clothing,3,26.54,36,5,2024-11-14,Yes,79.62
1c5e7758-b7bf-472f-a51e-ce56d60e470a,Clothing,4,23.28,34,1,2024-04-21,No,93.12
990d35bd-150e-4262-a959-e260788fddf6,Clothing,2,27.94,25,5,2024-11-20,Yes,55.88
462b7897-fc9f-4ea2-b05d-0cdadd4f090e,Stationery,6,11.5,37,3,2024-06-24,Yes,69.0
1509f80c-d547-4f49-b7a6-2fbc5976c272,Clothing,4,21.76,33,5,2024-07-26,Yes,87.04
991785e9-23a5-4863-984c-c06ddfec3ea0,Toys,8,38.25,47,3,2024-06-01,No,306.0
1e0069e8-3a07-4e5e-89e6-2147549613a1,Books,4,5.81,48,4,2024-02-05,Yes,23.24
43d3df91-4ebe-4116-801c-afeac50b04d6,Books,7,13.95,24,3,2024-05-06,Yes,97.65
61dc4d6e-2023-4f3d-b79a-efa536fa7d7b,Books,3,42.75,36,6,2024-12-16,Yes,128.25
ca92efb6-01de-4e7d-a1a7-0ca788b248b1,Clothing,9,33.51,47,6,2024-04-07,Yes,301.59
46b28389-f1ed-4978-b59c-466a3283d482,Stationery,8,34.15,50,6,2024-06-14,No,273.2
192135cf-1256-41b1-b5ed-7f5249748f0f,Clothing,1,33.9,42,1,2024-03-07,Yes,33.9
00ed971c-de47-4dc4-8b78-e3f8d8109e09,Clothing,7,50.09,31,6,2024-10-17,No,350.63
bf6342c7-38f6-47d4-8686-0c89f0cdead3,Clothing,8,9.72,44,6,2024-09-05,No,77.76
bf40ab94-4479-4dc9-a7b2-7a06459ea32d,Books,10,23.54,25,1,2024-05-17,Yes,235.4
85c6555d-d951-4769-b066-e1c82cfcf281,Clothing,1,5.58,50,2,2024-05-24,Yes,5.58
6850af7a-713b-4a57-9479-89f92b6ecfd4,Toys,2,11.56,43,3,2024-05-24,Yes,23.12
35972902-7f08-43d2-b4ae-2997431d526c,Snacks,4,25.99,29,6,2024-03-25,Yes,103.96
9a79f453-47b9-483b-ae33-599c42f4da77,Clothing,4,50.6,20,6,2024-07-15,Yes,202.4
84267040-3c94-4121-a9a6-dc54b5ced5e4,Snacks,2,13.87,32,3,2024-08-02,No,27.74
41c43c00-9de7-424e-ae27-14eeef64e7ae,Snacks,2,15.67,28,2,2024-07-29,No,31.34
9790e307-0535-4084-ad9e-53b56096da15,Snacks,7,11.82,33,6,2024-07-03,Yes,82.74
bd515084-dff6-4020-833c-beda35eb3188,Toys,8,40.3,40,2,2024-06-02,Yes,322.4
8c610459-7334-4f3f-8285-aedcc647527b,Stationery,10,44.73,30,4,2024-08-04,No,447.3
d8997906-10f2-45d4-ba0b-63a638244f92,Books,5,30.42,30,6,2024-04-02,No,152.1
9eb6ada6-9bd2-4d3d-9c9f-b2a4b2a8865c,Toys,2,8.41,26,2,2024-12-09,Yes,16.82
6212a91f-c544-4d45-8700-d884774721fa,Stationery,8,10.52,27,4,2024-11-17,No,84.16
6efd8f4d-f59d-4d81-b3f0-8e553875cc85,Stationery,6,2.52,22,1,2024-11-06,No,15.12
9aacdb92-30ee-423f-918c-1bf96096a677,Clothing,4,33.77,29,6,2024-08-19,Yes,135.08
8ca91968-0187-4e9d-abd8-39ac31f3d326,Books,6,5.12,47,1,2024-05-28,No,30.72
b28eacde-4e8a-4752-af3a-1d7d7b8593fc,Stationery,4,44.19,46,5,2024-10-08,No,176.76
c19c0280-361c-4219-9d13-c80243fa2748,Snacks,4,47.95,43,2,2024-03-12,No,191.8
560d0e68-0d8f-4e3c-aba1-dcc80ee6bae6,Clothing,9,8.05,48,5,2024-08-13,Yes,72.45
c1038c81-fa9f-44e0-b7e1-224f6084723d,Clothing,4,41.22,39,5,2024-08-13,Yes,164.88
38e82200-ec33-453c-8f3c-8cf4a9614776,Toys,9,42.83,29,2,2024-07-02,Yes,385.47
837905be-e7ba-44c7-a866-4c6d21d99452,Books,2,9.9,39,5,2024-03-14,No,19.8
8e80ce8b-7634-42b6-9276-b9a0375c5ac7,Toys,10,15.07,43,2,2024-11-17,Yes,150.7
68416e2b-c88b-4cfb-8f8a-e64c949a44e7,Snacks,2,44.39,35,3,2024-02-13,Yes,88.78
717b93f5-10b2-4ae0-adc3-64a2e78e5ee3,Toys,9,21.3,39,2,2024-10-29,No,191.7
541d58ba-9eee-436d-8f31-4d57746223e0,Stationery,7,40.59,43,2,2024-01-25,Yes,284.13
a1f0f3ce-9218-4580-94af-08f2ba38ee5d,Snacks,2,39.81,48,4,2024-09-26,Yes,79.62
5f398092-5b36-46e6-9762-815f0c66a509,Clothing,10,35.87,49,3,2024-03-23,Yes,358.7
8bd56fda-c01f-43e6-a3a8-67b9d2bdc174,Stationery,9,35.43,36,2,2024-06-25,No,318.87
9bd3cfd3-282e-4570-b76b-31af399330f4,Stationery,2,28.21,45,2,2024-02-14,Yes,56.42
57684eae-ef97-411b-8448-cfa99ae3a789,Stationery,2,19.85,36,2,2024-12-20,Yes,39.7
ae9aa875-1424-4766-94ed-991f1974716a,Clothing,3,46.39,46,6,2024-08-11,No,139.17
7941b5d7-80f7-434d-b420-93cacff69e43,Clothing,4,19.49,41,2,2024-05-25,No,77.96
6f90f609-c593-448d-bcb0-c8604bd69574,Snacks,5,12.07,23,6,2024-06-25,No,60.35
25931115-ef70-4b6a-a835-7710ec694048,Toys,2,47.84,45,1,2024-12-23,No,95.68
8712e7da-430c-4e4e-a49e-ca75de2b7134,Snacks,10,12.46,48,5,2024-03-15,Yes,124.6
ed4d7087-0642-4f70-8311-732aa3d951e3,Stationery,6,28.67,32,2,2024-10-20,Yes,172.02
c67720f2-9c48-41c0-89c8-835c1d004754,Books,8,22.57,37,2,2024-06-22,Yes,180.56
b20cbd6d-c912-4096-a613-c3f96dd961ed,Toys,8,10.37,44,6,2024-04-09,No,82.96
143439cd-c29c-4820-b2cd-540b5b732f9f,Stationery,8,31.61,30,6,2024-03-11,Yes,252.88
0df57f32-8e16-4593-9e57-e9f797411717,Snacks,4,32.2,26,6,2024-06-25,Yes,128.8
63bbcba0-ea8f-4c1d-a80d-466032b1135f,Snacks,6,45.86,22,5,2024-11-01,No,275.16
742e5a36-9f59-4ee5-adf7-24b2e176bce1,Stationery,10,14.53,41,2,2024-11-09,Yes,145.3
00b35626-d7eb-4efa-bae2-2bdb7f017f54,Stationery,4,34.5,39,4,2024-01-29,No,138.0
e3ede444-579a-4df2-86cf-301824f47ee1,Books,7,37.92,21,4,2024-09-06,No,265.44
5eb9b1b0-172d-437f-99f9-da98d5153c4c,Snacks,9,42.78,36,4,2024-05-17,No,385.02
78db0567-a08e-4254-a886-c7d440d74b53,Snacks,4,22.44,42,6,2024-10-10,No,89.76
50d8546f-dd5a-4b79-a4ca-87c9b81b6534,Snacks,9,36.99,41,4,2024-09-13,No,332.91
b45b9a6d-9563-436b-8af0-3e3089b6a6d2,Clothing,10,34.71,31,5,2024-08-06,No,347.1
ca29b555-de88-442e-add1-74badc2c3657,Books,2,17.81,22,2,2024-04-27,Yes,35.62
7bd918b5-2152-43a0-b719-ee656fd2784f,Books,7,41.53,34,2,2024-08-30,Yes,290.71
2b337f7a-8f09-483f-bee0-473c250f8f9d,Toys,6,43.3,48,4,2024-07-18,Yes,259.8
e1c0ca4e-4aa9-4a68-b87d-3138888c0928,Snacks,8,22.88,50,2,2024-06-03,Yes,183.04
4ce5b068-838d-4f1e-b7ae-7df6ccc241b4,Toys,2,23.43,50,2,2024-12-23,No,46.86
5f6d1fa9-4ed6-4c1c-9eef-5d4470e60649,Clothing,1,23.47,27,5,2024-12-05,No,23.47
ea5395d0-4e22-4aa9-9d61-d2f29f7fb55a,Books,7,37.77,30,1,2024-04-10,No,264.39
ba25fc67-ff01-450a-a745-3143cba10935,Toys,1,6.71,34,5,2024-10-18,Yes,6.71
76315e43-6035-4dd3-bd4c-72704276423c,Clothing,3,29.75,33,2,2024-03-20,No,89.25
421afdc2-c153-4357-a4b3-9ea034ae85b1,Books,4,22.31,47,5,2024-05-21,No,89.24
353695cc-d0a8-45be-b4da-f0d332e9009a,Clothing,4,5.54,25,3,2024-05-18,No,22.16
8a618572-54bb-45e0-a19b-dbc3bcd697ac,Snacks,9,27.63,50,5,2024-09-25,Yes,248.67
12c665fb-ce7e-482a-93af-b45295272618,Clothing,9,46.76,47,1,2024-09-07,Yes,420.84
073b3c2c-6001-4345-9e28-e6fec386a1fa,Snacks,6,18.02,47,4,2024-02-22,No,108.12
bb23341b-9a2e-4452-af58-a762ccb6bb0b,Toys,2,28.76,23,2,2024-09-06,No,57.52
de3c94c6-0bcc-46bc-bbe8-a892e5c2297f,Books,2,34.24,24,4,2024-05-23,No,68.48
1b8234e5-f05d-45a2-90a2-fbcabe028f12,Clothing,9,48.18,49,3,2024-11-27,No,433.62
298f97cc-5acf-4a45-9232-fae158432470,Stationery,7,30.86,36,2,2024-08-07,Yes,216.02
44190631-baed-4602-aa6a-59553301782f,Books,1,33.34,42,5,2024-09-22,No,33.34
f93bbe46-f262-4e82-a522-64c88b5aa52b,Stationery,3,25.45,23,3,2024-07-17,No,76.35
708a5a6b-4cc9-4660-b89a-63a131fb5381,Clothing,5,34.0,25,5,2024-01-18,Yes,170.0
66c7bb13-f37f-4011-97ce-699a47795ae8,Snacks,1,30.35,44,4,2024-01-02,No,30.35
4c8f473e-915c-4a48-889d-31c2664b3d56,Snacks,8,16.39,49,1,2024-07-18,Yes,131.12
a6ea8b5c-3ae0-4d2f-93ce-8351a339b94a,Snacks,9,38.83,39,4,2024-01-09,Yes,349.47
a211cac6-74b6-412e-966b-9358bd1c166e,Snacks,9,6.85,33,3,2024-02-05,No,61.65
5e22ac29-e53f-4790-b3bd-617c655e8be5,Clothing,3,50.8,25,6,2024-07-28,Yes,152.4
b34b4f09-7bf9-41e6-932b-b57489c829f5,Clothing,2,18.73,48,5,2024-10-25,No,37.46
2810410a-b840-49b7-9ca5-17219d1ce2bf,Stationery,9,21.92,28,4,2024-04-26,No,197.28
7033da49-e16a-482a-a450-598fd7e01cd2,Stationery,9,25.51,43,5,2024-11-17,Yes,229.59
f9d3e186-581b-46f5-bd4a-c56a91923528,Books,9,11.05,43,2,2024-04-23,No,99.45
47ae1231-fcc2-4c14-93d1-0c9b50a249c2,Books,1,6.64,46,1,2024-06-22,No,6.64
c20d5a5b-9850-4b48-a7c0-ab13332524f6,Stationery,7,32.5,24,5,2024-04-06,No,227.5
f88478dc-8628-44ea-9565-6ac7a0592840,Books,9,49.34,43,5,2024-02-12,No,444.06
d8ec90f1-e11b-40a5-b284-182a0188e3f5,Snacks,8,13.16,41,1,2024-06-30,Yes,105.28
6b3e7070-48a1-4303-bd83-5a18f5587bf0,Toys,3,39.67,22,5,2024-07-05,Yes,119.01
2323e70f-9a04-4553-b079-818cb3780865,Stationery,7,15.7,22,5,2024-11-07,No,109.9
34abb2f2-d46e-446c-a36d-32c5fccc0678,Snacks,9,42.04,41,6,2024-09-15,Yes,378.36
1f5abaaf-adb3-4f47-9b1b-cc7287c707ea,Books,8,3.57,45,4,2024-03-01,No,28.56
45747d2a-13f0-48ce-bd2d-536a09c4bcdf,Clothing,6,2.95,38,3,2024-03-07,No,17.7
4e0a631d-0387-4c3c-aa69-80a35871184c,Toys,5,19.23,38,4,2024-10-31,No,96.15
305625d0-b94a-47a9-ad62-dc8f56ba6e67,Stationery,3,9.64,42,2,2024-05-17,Yes,28.92
dd3e54a5-bd24-46d1-abe7-972fd5f38100,Toys,9,33.55,22,3,2024-05-31,Yes,301.95
08d9f73c-9c3d-4133-b0cf-5f25561de48e,Toys,10,11.71,27,1,2024-04-22,Yes,117.1
fc782032-e0d2-4ef2-8877-6aee4148f03f,Toys,4,32.05,32,6,2024-01-24,Yes,128.2
f1382c2a-8fd7-4e54-8a6d-a273e120481a,Stationery,9,47.48,22,6,2024-06-30,Yes,427.32
31e596b9-11d2-43f8-8d88-8bb92efc8779,Snacks,5,18.02,29,6,2024-04-04,Yes,90.1
f4f11630-5b03-4e4c-9aca-614fc25b2545,Stationery,10,49.16,50,3,2024-06-15,Yes,491.6
19550f40-0eab-4882-8f15-16f48a7ade29,Toys,8,3.54,35,6,2024-03-27,No,28.32
f0e22127-0cef-470c-a263-c68162dbe414,Books,4,8.75,47,1,2024-06-25,Yes,35.0
c49789c0-54b2-429c-916d-623be995763f,Toys,5,50.54,21,5,2024-07-12,Yes,252.7
9bf96f5c-a813-44e8-8003-becdfb9c8529,Stationery,2,42.93,27,4,2024-03-23,Yes,85.86
1e27ec08-638d-4efb-b2a4-b2a21fb83f2c,Stationery,1,22.1,22,4,2024-01-24,No,22.1
6d39c37a-4ed4-413f-970c-a11df7cd7974,Snacks,8,37.14,35,2,2024-06-09,No,297.12
7441a325-3789-45fc-a681-102d0d3d0b3c,Snacks,6,33.3,47,3,2024-06-18,No,199.8
c4f5f20b-f212-47c2-b2e1-1da6484e2764,Stationery,6,36.87,30,4,2024-11-03,No,221.22
a1cda145-c96e-431a-948f-31e8cd27b8ec,Toys,3,35.07,49,2,2024-08-01,No,105.21
0ef99cd6-6079-4c16-a1e3-ff0f31ec1bbe,Clothing,9,15.21,31,5,2024-08-11,No,136.89
6f9d3c86-1500-48c6-9fc9-b7ef9f1222c6,Books,2,4.65,47,5,2024-10-23,Yes,9.3
e7054253-910d-43be-989e-26ce959fda9f,Snacks,4,17.46,33,1,2024-03-07,Yes,69.84
178ce4c7-9af7-4f2b-9841-80c1ab8df68c,Snacks,7,16.13,27,6,2024-02-13,No,112.91
49b85ee9-39cf-4ae9-9fa2-33a71c4b5d11,Books,2,6.15,50,1,2024-02-27,Yes,12.3
bab33efe-8bd7-4077-81be-7a7c788d2fb4,Toys,9,48.5,48,1,2024-08-18,Yes,436.5
14ab28ea-479a-4112-8b98-f91d8eac9a10,Stationery,8,37.25,23,1,2024-11-05,No,298.0
657f1028-27a4-4ba4-9f99-3766d6b19097,Stationery,7,6.7,48,4,2024-11-24,Yes,46.9
360af5f6-5027-4885-8b8b-5c3c47fd7020,Snacks,9,15.46,31,1,2024-03-19,Yes,139.14
c04c38de-5db7-4766-af3f-c7c6afeb5b25,Snacks,2,23.81,40,4,2024-06-02,Yes,47.62
54f2f38f-0218-4140-abd8-e0964a8bf30f,Clothing,2,28.89,25,6,2024-05-11,No,57.78
25899cc6-6d5e-45ae-a5d1-d64f67d26341,Snacks,4,41.03,46,1,2024-03-04,Yes,164.12
ac02065b-13d5-40c4-9c83-020cf6bebb79,Stationery,8,14.94,20,5,2024-09-17,No,119.52
5a96e5e6-4746-4896-87a9-6e6df63d9a75,Clothing,7,31.66,27,1,2024-06-16,Yes,221.62
fc4004d4-e80b-45d0-889b-e452a5c73d86,Stationery,9,5.75,31,6,2024-11-24,Yes,51.75
8d00045b-c70e-4ea6-9d36-bd9e567b9005,Books,6,40.03,34,1,2024-03-31,No,240.18
8f47b625-81be-4d44-8a4e-3b316160ee87,Clothing,3,43.76,47,2,2024-09-20,No,131.28
6bbf60ec-2a83-4cd6-9b89-3acde3b6921a,Snacks,3,14.56,27,3,2024-03-22,No,43.68
8c73ab1b-2505-4fd9-8029-31991934833d,Snacks,3,25.47,23,2,2024-05-21,No,76.41
7c371cb9-8c2f-4670-9a7c-f32e360f62c1,Toys,2,14.87,22,3,2024-10-28,Yes,29.74
47ff5661-1c1e-439a-ba9b-3c9c7c770c6c,Books,4,2.41,25,4,2024-02-23,Yes,9.64
04922a87-32e8-4d9e-aa64-858e5040ba4a,Snacks,5,9.57,46,3,2024-10-08,Yes,47.85
afc05fba-dc36-4ee9-a9c4-9d0517471fcd,Clothing,4,14.15,49,1,2024-08-24,Yes,56.6
b105c10e-7b87-4634-8dbe-e68226b657e4,Books,2,20.57,27,5,2024-10-19,No,41.14
906f18f8-0377-4214-a2b0-e26438d498bf,Books,7,5.6,31,5,2024-07-03,No,39.2
d5febfb9-03cf-4249-a0e5-399b68236974,Toys,6,9.28,37,1,2024-09-13,Yes,55.68
f8aa84a0-60f2-416f-ae66-4fc80f400979,Snacks,3,5.68,42,4,2024-08-05,No,17.04
e1d0f7a6-934c-40c2-abb1-663c39a4acf7,Stationery,4,16.71,28,2,2024-10-08,Yes,66.84
644ebf17-0380-4a2d-ac70-079756399e97,Books,3,8.79,22,5,2024-03-08,No,26.37
b3eb30c4-4e21-49fb-a935-eb85c3af5f67,Snacks,6,3.39,21,1,2024-09-26,No,20.34
f5e178ed-1542-438c-b5df-49e047a01c4d,Stationery,6,15.6,44,4,2024-07-03,Yes,93.6
e21f9842-e9c7-45dd-9472-60482a05e3b9,Books,9,50.34,33,5,2024-04-22,Yes,453.06
90aa7030-9093-42d5-b6f8-a69e84e794da,Clothing,8,9.52,35,6,2024-01-18,No,76.16
765e58de-1d11-45d2-b517-d5737fe801fb,Snacks,9,11.2,50,1,2024-11-11,Yes,100.8
1e9ccb1a-0ef1-4cfe-b401-120894aaa567,Stationery,7,39.52,38,5,2024-02-06,Yes,276.64
f17a869d-5b2f-425c-8b53-415c731fe27b,Clothing,2,48.37,27,2,2024-04-11,No,96.74
a5b3f12b-8afd-449e-8669-210b9bc37f25,Clothing,6,18.14,31,3,2024-03-18,Yes,108.84
a16bc08e-bafc-42bd-b711-14214ffae8d7,Snacks,8,10.25,35,1,2024-03-27,No,82.0
d99acf87-5385-41dc-937e-97922be1fd7f,Toys,1,31.35,30,3,2024-04-16,No,31.35
315c546f-4932-4ff2-b85b-52ca966c6b1a,Stationery,6,16.42,36,5,2024-05-01,Yes,98.52
79e9033f-3ab7-4631-9d9d-a564d7a7b7ce,Snacks,10,47.43,30,6,2024-06-04,Yes,474.3
d6988949-cb9f-4827-9b30-22eb829715ae,Stationery,4,8.74,29,2,2024-08-09,No,34.96
b37b52a6-3d19-40eb-816a-4ba94d842312,Toys,10,38.31,31,6,2024-06-12,No,383.1
aca86787-0d90-44be-8e5e-f0d532ff7b05,Clothing,9,4.28,48,4,2024-03-17,Yes,38.52
000056a4-01c7-4013-96db-982d7d71a472,Toys,9,27.95,35,4,2024-07-28,Yes,251.55
9196c6a7-46e3-448e-8003-7d3d50b5b69c,Snacks,2,47.3,50,2,2024-08-01,No,94.6
179ad309-54cb-4b02-9379-d9735711df05,Snacks,6,25.52,43,5,2024-09-26,Yes,153.12
0fb04a22-d9e1-4dd9-ba53-987cd82f44a5,Toys,5,10.0,26,1,2024-08-22,No,50.0
4e85f1aa-6184-4268-86e1-ae7134efc249,Clothing,1,17.47,36,5,2024-09-28,Yes,17.47
0f92986c-7c55-4d01-961e-5e061f8ccd66,Stationery,3,13.07,46,6,2024-07-11,No,39.21
0e9d2ec4-b105-4844-afc8-b02f0d5c53a6,Toys,10,11.74,36,5,2024-12-16,Yes,117.4
28fb086c-b164-416b-9e58-96364da7b302,Books,9,26.17,40,2,2024-02-05,Yes,235.53
32ce27d7-92ca-4d98-a780-111ca3905417,Toys,3,32.29,35,5,2024-06-15,Yes,96.87
8640e68a-a539-464b-9aa2-e70fe4f1fb6e,Stationery,2,11.36,49,6,2024-11-19,Yes,22.72
9dcb1bfa-ad13-46ce-bf97-29b5209179f2,Stationery,8,38.68,39,3,2024-05-15,Yes,309.44
da85a26d-43f8-4a4f-be95-fbab178ca4d4,Toys,10,49.76,24,5,2024-03-21,Yes,497.6
05c4e605-17d0-44b5-b838-a5cc97fc6585,Snacks,7,49.11,33,2,2024-07-12,Yes,343.77
b729b0d3-de3e-456f-af7e-69373e95cf26,Books,2,39.55,45,1,2024-12-30,No,79.1
f410f9a9-97b2-425b-ae1d-921d61b69abb,Stationery,3,22.0,22,2,2024-03-21,Yes,66.0
1e0cbab6-34aa-4488-96e9-07d91ae948e3,Books,7,23.86,35,6,2024-05-03,No,167.02
7d26570c-df92-4098-906f-a587de570a29,Clothing,10,20.79,50,4,2024-11-09,Yes,207.9
0075d5ea-9831-4ec9-b84b-ac27270dc20c,Toys,6,6.7,43,1,2024-03-24,Yes,40.2
08d49aad-2170-49b9-b03f-3d7df85533b8,Snacks,4,14.48,40,6,2024-06-15,No,57.92
87eb4d39-42fc-4446-af69-1cbcb99d4888,Stationery,10,34.42,40,6,2024-08-25,Yes,344.2
7487eaa6-f3f6-4505-b845-1d2f1c33035d,Stationery,4,47.3,31,4,2024-08-01,Yes,189.2
52b36f62-9302-40ce-87ff-1f6436ff0635,Snacks,1,48.91,30,2,2024-03-17,Yes,48.91
948c411f-9c8c-4430-8b0c-99b850a140ec,Stationery,4,4.79,47,5,2024-11-10,No,19.16
6ddb3a92-870f-4759-821d-308e19329389,Toys,1,20.97,29,4,2024-02-24,Yes,20.97
418f5578-5031-425a-95e7-56bbc25cd351,Stationery,3,42.01,39,5,2024-05-13,No,126.03
a0a2376d-a0a0-4bb0-8104-4968e94d296a,Stationery,3,9.81,37,5,2024-12-17,Yes,29.43
fae2c13b-cb39-424e-a10e-0bf3af371546,Snacks,7,32.63,37,1,2024-01-28,Yes,228.41
806a82d2-c694-45be-ab64-ef5eb3669a91,Clothing,8,4.36,28,1,2024-10-26,No,34.88
032dde21-ab94-42aa-baf7-c7852fca8e9b,Toys,10,40.58,50,6,2024-05-31,No,405.8
54e7ae76-fec6-4af1-9d80-a35298f0fab1,Stationery,5,32.13,50,3,2024-07-26,No,160.65
f15fd841-5883-47f9-897c-5f636db76c07,Snacks,6,24.15,26,6,2024-09-14,Yes,144.9
126834cf-3ffd-4e33-a4c9-3a07da1b67af,Books,5,21.13,29,6,2024-10-18,Yes,105.65
3fa5daa0-6d96-4b6d-80c7-d5be421385f7,Stationery,9,27.62,33,6,2024-01-07,No,248.58
e9c10af5-9cdc-4d3d-b297-23b75ed17e7f,Clothing,7,43.19,50,1,2024-05-20,No,302.33
8cb478b7-a5b3-4429-978d-d94ac3995199,Clothing,8,33.24,44,2,2024-01-20,No,265.92
0ddbe59d-0504-4d5d-96db-c963d669b1e7,Snacks,4,10.19,49,3,2024-10-02,No,40.76
fcf6ed86-00fa-41d0-8264-95bc5877c0f9,Snacks,10,25.25,29,4,2024-12-27,No,252.5
e981abd3-e92f-4960-be9a-2ff6535ab0a5,Books,1,43.79,45,6,2024-04-30,Yes,43.79
5c4e38a2-3743-47a3-801c-40e524aa0de3,Books,4,3.17,30,1,2024-01-10,Yes,12.68
b7f7740d-bde7-4c81-9976-2a7c2034a99d,Books,5,16.49,27,1,2024-02-24,No,82.45
8615f5d4-16e4-479b-96ea-fa0374f5ad88,Clothing,9,10.66,21,4,2024-01-06,Yes,95.94
b2c4bcd4-fbf4-489e-9a4a-8690632c2209,Books,5,48.57,32,6,2024-08-16,Yes,242.85
3eb7791e-06e2-44a6-89c3-1f9b77595404,Clothing,9,36.35,49,1,2024-05-08,No,327.15
1dd6da85-8c34-4012-b252-8198862cce22,Toys,6,40.91,36,2,2024-08-12,Yes,245.46
9800c135-018b-4071-b7b8-0814aeae45d5,Books,10,49.72,32,6,2024-04-02,Yes,497.2
7155ceee-e3d2-4af7-bb3c-05987b7c38a9,Stationery,6,20.53,33,4,2024-04-19,No,123.18
4eeb5f55-ff2e-4e5b-962f-23f48d5f718b,Stationery,5,9.91,22,2,2024-10-22,No,49.55
c0daa01f-1fc2-4ebf-8386-eae4fc1e10bf,Books,4,43.17,24,6,2024-05-13,Yes,172.68
532eace4-ddd0-4746-a99f-27513f90bd7d,Books,8,11.73,49,1,2024-08-01,No,93.84
05d4f178-3753-4f47-9437-00d5bd006e12,Stationery,3,37.6,47,4,2024-09-14,No,112.8
a51e05c0-4906-4ab4-a559-23da7028d747,Snacks,10,16.72,33,2,2024-09-22,No,167.2
9cce37e2-bc6c-46b4-b679-712894267c84,Snacks,2,43.42,38,2,2024-12-21,Yes,86.84
1141e015-1d8b-4a8d-b0b2-cafede2aa519,Toys,2,13.23,23,1,2024-03-05,No,26.46
3cc5634d-23dd-4a1b-aed9-977a18bdb423,Clothing,3,22.61,34,1,2024-04-12,Yes,67.83
fea0ad00-345c-451e-a77b-aa627bbfbc04,Toys,10,11.11,46,2,2024-11-21,No,111.1
97d7cefd-257a-488b-a52b-9bdf79eba39e,Stationery,1,2.57,30,5,2024-06-10,No,2.57
f712bc83-7f65-4ba8-bdbf-ee41aaf2804e,Stationery,1,50.46,35,6,2024-02-11,Yes,50.46
4a2386dc-5450-4f44-ac6e-1ca7abeaae6b,Books,6,15.51,41,1,2024-03-30,Yes,93.06
61e8f6e0-89f1-4b7e-899e-5635b7d65d3a,Books,7,18.16,25,4,2024-11-09,No,127.12
3618d350-c06b-4d59-8da2-21a87ec5a876,Books,2,21.59,32,5,2024-11-30,Yes,43.18
7a5df371-cb5e-474e-9cff-158f1c611556,Clothing,8,23.33,49,4,2024-08-20,No,186.64
2cfda393-a791-447b-b847-0b679ae783c9,Clothing,9,27.83,35,3,2024-01-06,Yes,250.47
12e40bac-c9c0-43c8-80b7-a5eafce15845,Snacks,1,23.49,45,6,2024-08-01,No,23.49
15ce03a1-3e6a-499c-8dd7-c4c7fdc00cda,Snacks,6,11.48,39,4,2024-08-11,Yes,68.88
2387447c-5a8e-4cfd-8428-4fbe184eccff,Toys,8,37.64,41,6,2024-07-31,Yes,301.12
28fca7ab-623a-4e1b-9936-bc47fcfbe8b5,Snacks,4,16.51,24,2,2024-11-11,Yes,66.04
f829782d-c19d-482e-b73e-0f77f4ad992d,Toys,6,43.4,29,4,2024-01-10,Yes,260.4
fa7b6dcb-06d9-459c-b440-65855f496a1e,Clothing,7,28.93,31,6,2024-03-13,No,202.51
711ca547-aadd-4b3c-8a69-81d4ec28ae86,Snacks,7,31.02,27,2,2024-04-02,Yes,217.14
4247ceee-fec5-45e7-b0d9-524dfebe3655,Stationery,2,35.74,24,3,2024-01-05,No,71.48
7a7f28c9-1c86-4d62-b840-52ce43040a1b,Snacks,4,34.06,27,4,2024-12-06,Yes,136.24
3adc2724-180e-411c-aeda-d7adcf1d9e11,Clothing,7,44.45,28,4,2024-05-20,Yes,311.15
93806b18-94c2-442c-9161-f174ec79c025,Snacks,2,9.98,36,1,2024-06-21,Yes,19.96
5e4a6569-6ab8-46d5-8fb8-f163e78e25f8,Snacks,4,35.07,50,6,2024-05-17,No,140.28
f6e6b9e9-848c-4486-8a41-b53e0baf4dcc,Snacks,6,13.09,40,2,2024-09-30,No,78.54
094883d7-9413-43b4-8e83-64b31b161144,Clothing,9,2.22,47,6,2024-07-23,No,19.98
3de198a0-819c-48fd-b735-14f8dac3ce95,Clothing,2,32.08,50,4,2024-08-20,Yes,64.16
2efbbe76-a507-444e-b864-896a1192fee4,Toys,8,50.03,28,4,2024-06-04,Yes,400.24
90019262-9d6e-457b-b25b-8f47ac04194c,Stationery,6,12.33,45,3,2024-05-26,No,73.98
0e12e02a-14a8-40cb-aaf3-98125877c9a4,Toys,5,2.87,33,5,2024-12-21,Yes,14.35
cb54abb0-1902-4de5-aa4d-948ebad114df,Stationery,1,2.55,31,1,2024-12-29,Yes,2.55
94498fc3-0a11-400b-abb3-08fee94a072f,Snacks,1,30.26,24,5,2024-11-05,Yes,30.26
5eed3e83-f332-471e-a38a-7c3ee994d4c8,Stationery,3,49.6,48,5,2024-01-27,No,148.8
f3a9dbdd-eed1-4aab-8633-03770578a163,Snacks,10,45.97,35,4,2024-08-23,No,459.7
a1fcf84e-23fe-42ce-9a55-d7bf4f7664a1,Toys,6,33.21,40,4,2024-03-15,No,199.26
8df20f1e-01e9-462c-9265-3e74504c73db,Stationery,10,45.48,45,5,2024-03-27,No,454.8
43a805a0-d297-4fcf-a6f1-d2aaaff88673,Clothing,10,35.24,21,1,2024-05-27,No,352.4
c13fa9ba-05c0-4e81-a4d7-14b8e7d76ba3,Stationery,5,9.58,48,2,2024-05-26,No,47.9
034ab0ae-2609-44d9-88cd-e7d94bfd305a,Clothing,1,48.16,49,4,2024-02-14,Yes,48.16
8e49afab-8d66-4393-a672-de74fec22f09,Toys,10,3.23,27,4,2024-01-30,Yes,32.3
ccc3620f-9b2d-4388-972a-23a6c04717e2,Clothing,7,12.19,47,6,2024-09-15,No,85.33
eff02434-99e7-4390-9142-e52e4e55a475,Clothing,5,33.43,29,4,2024-07-03,No,167.15
38056f64-ddb6-4e22-8fcb-567e437c4a12,Toys,5,36.35,46,3,2024-06-01,No,181.75
de037cdb-9167-4f55-9809-f669eba1749a,Clothing,4,38.44,26,3,2024-03-19,Yes,153.76
3e4fdbf2-7cfd-4607-896e-304dc456a3a4,Books,6,40.36,27,3,2024-02-03,No,242.16
2603b720-d213-4710-ab5a-5a7ddd4519cf,Snacks,3,41.24,43,1,2024-08-01,No,123.72
3ff3f184-2dfa-4a3a-ac09-f690a523c685,Snacks,7,47.9,27,4,2024-08-10,No,335.3
05f3c89a-910c-4c29-81cc-3afa8656b64d,Clothing,2,18.02,27,3,2024-06-16,No,36.04
a9607b65-3993-40c0-abe8-7615c62f7e1b,Toys,7,11.3,30,5,2024-09-08,Yes,79.1
0add4723-26d4-4ff1-a036-af74b5b41bdf,Stationery,4,43.92,26,5,2024-06-18,No,175.68
38a018ff-9f65-46e1-83b7-1def802e4860,Clothing,3,46.34,25,4,2024-04-06,Yes,139.02
e6359e0f-e393-41c4-93d0-8c276dd88b2f,Toys,9,42.98,20,2,2024-12-19,Yes,386.82
f21edd61-24b7-41f5-b331-72f4b237dbd8,Clothing,9,13.4,43,6,2024-01-08,No,120.6
54a3094e-17a4-4a7e-b148-898c5258cc0d,Books,4,39.97,46,2,2024-11-17,No,159.88
9b6963c8-ce2e-45f5-b772-02b785b6404b,Toys,4,26.07,45,4,2024-02-25,No,104.28
71e1d789-5975-49f9-af00-f5c707889750,Snacks,1,43.35,35,3,2024-04-14,Yes,43.35
44b99e30-a2ff-4c49-a7f1-02041356e710,Clothing,1,45.8,47,5,2024-12-06,Yes,45.8
78ed9579-73c3-4a41-82ac-34805dcc79ff,Books,7,35.27,40,3,2024-06-15,No,246.89
a5d2b36b-b7bc-4883-adb2-0b1505fd8921,Toys,9,26.4,30,2,2024-11-16,Yes,237.6
d3a5309f-722a-4cbd-8125-928f5cf49270,Clothing,1,22.13,35,3,2024-11-28,No,22.13
0b0d0a2a-ee58-41c8-9113-07a095d55b2b,Books,7,40.36,36,4,2024-05-24,No,282.52
3f6838f2-2d81-481e-b3dc-35c3ca7a5e28,Stationery,1,27.54,34,3,2024-07-23,Yes,27.54
0aab6eed-8f38-440b-9866-e0e6e3a85040,Snacks,4,15.72,30,5,2024-06-06,No,62.88
66f4983e-1753-4477-8b5f-c7216fdc1a46,Toys,10,21.48,44,2,2024-08-21,No,214.8
4cd88c89-8eb6-4809-a3bd-67bf03da07a1,Snacks,7,20.44,27,6,2024-10-27,Yes,143.08
81cf1dec-b35a-4fa6-8f33-d67cfb30ad12,Books,9,26.58,43,4,2024-05-13,Yes,239.22
76e6e159-3cd5-427e-936d-4f1c7345f764,Toys,1,43.6,47,1,2024-05-08,Yes,43.6
6c6ff6d1-fd47-4b20-a6b4-99dec5710cec,Toys,1,26.6,23,6,2024-09-08,No,26.6
ecce9417-3fad-4341-be8a-04b9d3d2108b,Books,10,16.51,22,6,2024-01-05,No,165.1
56701177-3968-4d7c-991a-74fb3c28adcd,Snacks,7,11.67,30,5,2024-01-20,Yes,81.69
f57ee68f-77dd-447e-8e12-2b09dab57bad,Books,5,37.84,21,5,2024-01-22,Yes,189.2
1dac342e-a676-4191-85ca-18e7d733ef82,Stationery,7,15.13,41,6,2024-12-12,Yes,105.91
b23473a6-0a2c-4190-b401-00dd4208f272,Clothing,1,15.39,40,1,2024-10-20,No,15.39
a2caff6a-f9f0-4fa0-aadf-aced8f7295f5,Stationery,8,3.36,27,6,2024-03-10,No,26.88
a993d5d7-fe75-46ed-ad21-09e961779963,Stationery,2,12.82,20,1,2024-04-02,No,25.64
62e98007-7be2-4f73-a6dc-23b5278e8250,Books,6,46.17,31,2,2024-07-29,No,277.02
49eb4d65-f70a-4ca4-b523-75ab822656b5,Toys,5,45.41,41,1,2024-10-11,Yes,227.05
c8ea94ac-26f8-42c6-991d-73d3dcbb77a3,Snacks,10,32.54,36,6,2024-05-23,Yes,325.4
e1798802-f511-4f76-b232-2dfaa0f96148,Clothing,7,9.49,38,5,2024-07-22,No,66.43
c2d2148e-cdbe-42eb-aa7b-ac93485b2caa,Books,4,29.91,27,4,2024-10-27,Yes,119.64
e915960a-b351-46e9-8af8-48caf45d5120,Toys,2,9.4,45,2,2024-10-10,No,18.8
a1304733-6706-43a9-87d9-4b8b4b230223,Snacks,10,49.52,21,6,2024-12-20,No,495.2
3c67b62a-ed57-47cb-a544-6be704008815,Toys,6,19.13,37,2,2024-05-18,Yes,114.78
1c428c0e-fa8a-4460-854f-2bd431f6c8d7,Books,2,32.17,27,4,2024-10-10,No,64.34
3bac4739-c141-443f-a0e6-e09277907f90,Clothing,10,49.04,49,5,2024-07-17,No,490.4
26d50416-f064-4f14-bf72-f1db37749d47,Snacks,2,39.4,37,1,2024-05-08,Yes,78.8
07cf3023-1255-4c9f-904f-63727f73b0d8,Clothing,3,11.26,31,2,2024-11-20,No,33.78
aa828df4-cd9b-46a7-92ed-cfd43c905548,Snacks,8,17.93,35,3,2024-04-07,No,143.44
684360ed-a3ec-4eb5-ac14-4e8013b1fe14,Books,5,2.34,44,5,2024-03-30,Yes,11.7
3a5f3a61-7365-4858-91ec-e7a9d79307ba,Books,5,27.75,43,4,2024-05-31,No,138.75
b28b4b6c-2d18-4a83-b9e1-f392708f5b48,Toys,8,47.05,23,5,2024-01-26,Yes,376.4
ba2113f5-b308-4ec6-a386-6d9b48d8eb39,Stationery,2,7.37,29,1,2024-03-03,No,14.74
cdb351b1-7924-4e3b-8fc2-4e4768994149,Toys,6,43.95,35,6,2024-06-30,Yes,263.7
8389fd67-a957-4984-9620-ecb9faa5639c,Clothing,2,48.21,28,2,2024-08-16,No,96.42
a4c66f79-8d48-4200-a026-84b84843e8ed,Snacks,10,37.89,30,6,2024-08-30,No,378.9
478b9ef1-af92-4bd7-8b9c-b6eb3c72f93d,Books,1,21.65,36,1,2024-08-05,Yes,21.65
158b77e0-e1e8-4306-b983-b1279bb0f93f,Stationery,7,4.04,22,3,2024-08-26,Yes,28.28
76d0350f-17a9-416c-a46b-37bdda6ed8aa,Stationery,2,6.05,27,2,2024-04-22,Yes,12.1
131eee8c-c408-4505-bccc-e4ac27956779,Books,4,38.77,29,4,2024-04-20,No,155.08
bcc88380-4a52-4cdf-be74-10591ba77c9b,Clothing,9,24.7,25,1,2024-08-03,Yes,222.3
2cf9aaf7-3dda-4c35-8123-99fb2a006482,Toys,7,32.07,41,2,2024-01-02,No,224.49
08aa3c28-779d-44ed-90fb-b69f84f4ba7f,Books,7,19.14,49,2,2024-01-27,Yes,133.98
29a0a3df-3656-467d-9318-adbfb5a24b58,Clothing,8,45.78,26,1,2024-04-19,Yes,366.24
e7d140de-e4be-41a4-84d8-607fa2e2d9c8,Stationery,8,13.52,42,5,2024-11-28,No,108.16
73b70d06-df30-4292-8ae8-b2becf196227,Stationery,9,33.93,23,5,2024-05-18,Yes,305.37
3a676540-9ecc-44ab-8a3a-3c00ee3aec36,Snacks,10,16.88,21,2,2024-06-26,No,168.8
a07afb13-cab1-464a-a8b9-5cb7280906b0,Clothing,8,5.03,25,3,2024-10-27,Yes,40.24
e6b54ddc-ad61-4b5c-9838-acbaecb43e02,Stationery,1,14.53,41,2,2024-11-20,No,14.53
a63d1c0f-96fd-4b42-b252-36cfe86b96a1,Books,6,33.6,25,2,2024-12-12,Yes,201.6
58b4c022-f96a-4397-9e10-3eb34e1f722b,Books,3,36.4,22,3,2024-11-17,Yes,109.2
4319d5fd-7a96-4dc3-81e6-d8fedd037224,Books,1,47.74,34,4,2024-02-01,No,47.74
c0c3fc16-7b1b-4002-b8e0-316e91e9cba4,Stationery,6,18.92,37,3,2024-06-14,Yes,113.52
640bab08-05ca-4d24-9fe1-0abd663dc264,Toys,4,34.26,36,2,2024-04-22,Yes,137.04
e72e96bc-9e6f-4412-a148-36f8259dd0e4,Books,6,7.85,26,5,2024-08-14,No,47.1
b39405ef-cc20-4f7f-b9ab-47f65a8568be,Clothing,6,15.46,24,5,2024-12-12,Yes,92.76
c923ecb8-7b15-4991-8e49-4a6dee076570,Stationery,6,49.27,49,3,2024-04-25,No,295.62
893ffbd7-738d-4cb4-9165-9a5519300e44,Clothing,7,15.46,39,1,2024-12-27,No,108.22
6c0b8c5b-03bf-462c-bef3-e5d00ce830cc,Toys,3,26.27,35,6,2024-06-30,No,78.81
da32e94d-774a-479d-8e41-fc4a734509cc,Clothing,8,34.18,37,5,2024-03-29,No,273.44
ed52a73f-6a14-4321-9400-166018bee77a,Snacks,1,49.97,36,3,2024-05-26,No,49.97
2e35edd8-4064-4e25-8a58-d915b6d3d5b1,Books,9,16.78,27,2,2024-11-02,Yes,151.02
ca261ddf-04df-4005-bca6-97e4534626af,Clothing,6,23.51,23,3,2024-04-01,No,141.06
8d20ccb6-849c-4f88-851e-ed03d82c78d4,Toys,1,45.04,42,2,2024-04-05,No,45.04
a8a02f4c-7dd2-4400-9dc0-06c62ec16163,Snacks,8,50.96,42,6,2024-01-07,No,407.68
a062ee47-ff45-4c9f-b8f0-34424c5b44a5,Toys,6,39.4,49,1,2024-05-03,No,236.4
74bdc565-c805-415d-a1bd-0f0c88910881,Clothing,4,35.26,43,4,2024-10-26,Yes,141.04
5e5303e6-2b87-43eb-8968-4a59c121aa03,Clothing,1,36.29,29,2,2024-06-15,No,36.29
f83768ee-b62a-4a2a-b2b3-9e6c43e0bbc2,Books,8,43.85,48,6,2024-03-17,No,350.8
4560111d-ae5d-4548-a2d4-833fc5de5903,Stationery,1,33.97,40,3,2024-08-27,Yes,33.97
2653b94f-e310-492f-bc51-375c1188a21c,Snacks,4,13.27,46,2,2024-06-08,No,53.08
c26ce06d-9d8b-4045-87cc-698c115a2ddb,Clothing,3,38.95,38,1,2024-03-28,No,116.85
b038cf20-3fe1-48d8-b559-1b1f81f1f9a6,Clothing,10,14.88,31,1,2024-09-01,No,148.8
0979c648-dfbe-44aa-b747-22bf0d8b7fa7,Clothing,8,14.41,21,3,2024-06-05,Yes,115.28
295aaf27-77af-414e-8744-1f7c374f1302,Snacks,10,46.09,29,5,2024-04-30,Yes,460.9
5091efd2-009f-4e9c-bc48-070550589310,Books,5,21.98,33,6,2024-06-23,No,109.9
97796a0f-6438-468d-8490-eebc72cf0029,Toys,7,21.86,50,2,2024-10-28,Yes,153.02
ffd3b50a-bad4-406d-b81c-c05e13a53318,Books,5,43.96,43,3,2024-04-15,No,219.8
8ea0769c-8e4f-442b-b8e5-ccd77f0935f8,Toys,9,27.91,35,4,2024-05-26,Yes,251.19
6b62b11a-ab78-4ce9-b91b-e52d5596c16f,Books,4,46.85,40,5,2024-07-14,Yes,187.4
2630a947-f4e8-4a62-9dc8-130fbd71abed,Toys,1,48.69,22,6,2024-07-26,No,48.69
9541f5d9-c84e-4644-9620-7191494537f3,Stationery,10,17.3,41,6,2024-01-05,Yes,173.0
82338ee4-5f6b-4b7a-b49c-a36abea0ead4,Clothing,1,37.59,44,3,2024-02-05,Yes,37.59
9cebc648-4828-4bc0-a0a1-53e123fc1841,Clothing,10,23.15,42,3,2024-10-19,No,231.5
834dcd2e-b935-4ae1-b471-a837273c1f2e,Clothing,1,48.88,48,4,2024-02-28,Yes,48.88
2cadfc7b-ccc3-489a-aeac-f2c9a3536b4b,Clothing,7,46.3,26,1,2024-12-10,Yes,324.1
ddf1c6bc-6b97-4aa0-a237-0ebab9d9e31f,Clothing,4,36.25,25,6,2024-05-17,No,145.0
6d4c7ead-a4f6-40f0-a5e5-f5076031c75a,Stationery,2,31.54,34,1,2024-12-02,Yes,63.08
edee6238-516c-454e-9ddd-c60801bb4c93,Toys,9,45.01,21,4,2024-04-11,Yes,405.09
bafec555-b19f-4ebc-869b-52813decde16,Stationery,4,12.75,27,2,2024-01-24,Yes,51.0
87021055-fcda-4d23-ae03-7061258ec682,Clothing,10,30.69,41,4,2024-07-19,Yes,306.9
6d2077bc-5582-4323-b5bf-130d459e6196,Books,5,26.14,35,2,2024-09-23,No,130.7
785ca015-0dd1-4aaa-854f-1298b6837ba4,Clothing,10,15.37,20,5,2024-09-20,Yes,153.7
65010af5-31b8-4a83-a38a-4d2ca8f65e23,Clothing,7,6.92,50,1,2024-09-15,No,48.44
9bc281a9-600d-4f46-8e2f-858042360e09,Books,9,4.27,25,1,2024-11-12,Yes,38.43
90da2895-3d16-46c9-89aa-d21db276aa8a,Snacks,8,11.58,36,4,2024-05-27,Yes,92.64
db88c2d0-cacc-4b1c-9d52-82b7a1810740,Books,10,36.05,35,3,2024-07-21,No,360.5
bdf8fe9e-2c90-4cee-95ae-e3dcfd4a62dc,Snacks,10,44.75,33,4,2024-02-07,Yes,447.5
9b2057ae-66cf-4fe4-b030-4aa81574e1e0,Snacks,2,43.19,27,1,2024-08-23,No,86.38
1cf6b8ca-709a-46d4-9a6b-1b0855332508,Toys,9,47.41,46,5,2024-07-01,Yes,426.69
341b6550-ec90-4c09-a093-65d9b800cb4d,Stationery,8,30.3,47,2,2024-04-27,Yes,242.4
d068370a-02d5-436f-9819-488bf4c3b608,Toys,3,27.77,30,6,2024-07-26,Yes,83.31
81877bdd-37e2-4707-b2fe-6f0fb91b3c8e,Toys,1,3.91,44,2,2024-02-16,Yes,3.91
9ee3a7b0-146c-4f00-b5ba-c4f51b66b7ce,Stationery,3,7.57,35,3,2024-09-14,Yes,22.71
2e736b28-a5cc-49bc-a116-2dbdd6a5963c,Stationery,7,22.59,49,4,2024-05-26,Yes,158.13
b0379fb9-11ac-4254-98f7-c0401ac7ae0c,Snacks,7,31.2,39,3,2024-09-22,No,218.4
250490bc-ed0d-4a6d-b427-92f194473e0f,Toys,9,10.27,30,1,2024-05-10,Yes,92.43
ccb17117-293a-4e38-8e76-2c84f8bd65e7,Stationery,8,3.44,30,6,2024-02-05,No,27.52
52ef2e9f-10d9-491f-b724-df909cc59037,Toys,9,19.32,26,5,2024-11-13,Yes,173.88
dc829059-c94f-4195-a799-eba99669a5c5,Toys,7,22.65,33,2,2024-06-23,Yes,158.55
11ee07cb-b66b-40b4-ab50-24e4b00717c8,Snacks,3,27.47,48,4,2024-09-18,No,82.41
b8d34394-7cf2-4b63-864a-cfdc86952563,Books,10,49.39,34,3,2024-11-27,Yes,493.9
f8809943-cac5-4288-aa42-39278bc11eff,Clothing,9,20.88,26,5,2024-08-26,No,187.92
8e726f98-c106-475f-82b2-6dc4c3b48ea4,Snacks,9,41.76,25,6,2024-10-21,No,375.84
d61e1d42-569f-49e7-ab3a-bdd19edb7707,Toys,2,47.1,42,1,2024-11-11,Yes,94.2
207276de-bc6c-49f8-8091-df8fa9fd80fd,Stationery,8,9.62,32,2,2024-01-23,No,76.96
63c3a0cd-3711-43b3-a19e-2833a71377cb,Books,9,29.52,25,3,2024-04-30,Yes,265.68
1af5850f-9300-4eb3-8014-69b3ed747c85,Books,4,16.96,27,4,2024-01-17,Yes,67.84
ce56d922-ae42-4604-8aa9-e92dbe26490c,Stationery,7,31.79,36,2,2024-06-18,No,222.53
3c79dfb7-d03b-49e3-82ad-60c51a54f1b0,Stationery,2,25.13,41,3,2024-10-17,Yes,50.26
bb48d98a-3da6-4ec6-ae4e-9f0ed4894905,Books,2,23.27,37,2,2024-05-03,No,46.54
6a5ce13f-3c34-47d3-ac45-a87058c1c07e,Books,10,7.24,44,1,2024-05-12,No,72.4
9adb1dc5-fe08-44fa-844f-1cb35cfec093,Books,8,18.14,25,1,2024-05-31,Yes,145.12
3f816f2e-c46c-4e73-90ee-25b7683e4245,Stationery,5,4.45,31,1,2024-11-24,No,22.25
f99c8f01-9d8c-43b3-86d1-052c001c7b53,Snacks,4,20.55,20,1,2024-05-25,No,82.2
b244a5cc-3ff3-42fc-9832-fa126b902d7c,Toys,8,43.93,38,1,2024-12-14,Yes,351.44
0e57c173-080b-40c6-a8f8-aba3caf51d5c,Stationery,3,19.4,34,5,2024-06-13,Yes,58.2
ac355030-e60a-402c-8735-c61361b8e6cd,Snacks,9,45.08,25,5,2024-12-17,No,405.72
6e1ef0d1-0804-4c80-ba2a-2b6c2a59e676,Clothing,1,12.3,38,3,2024-09-07,No,12.3
05629313-b65a-4aa2-84e4-330a747bbb04,Clothing,1,49.89,24,1,2024-07-01,No,49.89
86c73e52-01ac-4206-a2d5-a3db30d99802,Clothing,3,5.47,42,4,2024-06-07,Yes,16.41
33f99df4-b359-49d8-b86e-e05e9c519ca4,Books,5,32.88,24,3,2024-09-21,No,164.4
3dcf0fbb-9e8f-48f1-8126-29675fbc7e64,Books,8,24.46,31,6,2024-08-23,No,195.68
dba0096f-1b59-497c-9028-31bae2722c80,Books,3,34.71,38,3,2024-08-03,No,104.13
2f5886f1-5cd9-494b-bcdc-ea44cf2de5ef,Stationery,7,27.31,50,1,2024-05-05,No,191.17
82740e29-74ef-4a5e-a6bb-1e00e83ab3fc,Toys,9,4.76,48,5,2024-03-29,No,42.84
44daaade-6f1f-40a3-82d4-21cecf0de5fb,Books,5,7.9,24,4,2024-08-20,Yes,39.5
6581b7eb-ce8a-406d-a03b-58eda99d18bf,Stationery,4,33.95,29,5,2024-10-20,Yes,135.8
db590fd7-f447-4d31-97ea-43007064e505,Clothing,1,20.29,47,4,2024-10-14,No,20.29
cfa7c3b2-d712-4bf8-afed-8f8241508408,Stationery,2,8.07,22,5,2024-07-16,No,16.14
fcd90e5f-52f0-4fe7-b6bc-4512445c6a1e,Books,4,6.61,32,1,2024-06-20,No,26.44
a1ff929a-68f5-442e-87e5-00b9cb5c086a,Toys,3,9.09,29,1,2024-05-10,Yes,27.27
3d0eaf3f-4e00-4fb2-9763-713ff26c69af,Books,4,4.95,38,4,2024-05-01,Yes,19.8
6d36558e-2798-40c2-8e96-d7e646db396d,Snacks,2,16.16,42,4,2024-07-06,Yes,32.32
9859c050-e0fa-44f1-bb3e-d574c92d243a,Clothing,4,44.14,45,4,2024-04-07,Yes,176.56
916a8e40-0d20-4312-954b-d9fb9208d5e7,Snacks,1,44.28,50,1,2024-02-04,No,44.28
78c61ac3-2a65-49dc-9b17-5d7e4862eafb,Books,7,9.54,44,5,2024-06-18,No,66.78
a8ac1c8b-f8d8-4278-a44d-bada315f2e8d,Clothing,3,14.27,46,1,2024-09-08,No,42.81
497cdbcb-67c9-4504-b13b-140e8fbc3286,Toys,4,22.72,23,2,2024-06-20,No,90.88
50ae51ba-e554-4137-87f0-2365b53e817d,Stationery,8,32.7,25,4,2024-09-22,No,261.6
edff0313-daec-4ec0-a1a7-6e52f59d311e,Books,1,25.72,22,4,2024-03-03,No,25.72
547c760f-521f-431c-accf-c758b62508bf,Clothing,2,24.89,35,4,2024-04-09,No,49.78
799a27d5-bee8-4ed2-a632-b2c11dc07ff2,Stationery,1,39.76,49,4,2024-01-08,No,39.76
95ba6709-e3cd-401b-8104-2a65076f829c,Toys,7,49.31,40,2,2024-11-02,No,345.17
7b435b64-1a64-498f-abaa-402cb8eb98b1,Toys,6,17.61,31,4,2024-01-04,Yes,105.66
ab6313c6-5aa2-44c3-8fcf-2a2d629ab1e3,Stationery,8,33.92,27,5,2024-05-24,No,271.36
b94d13e3-9d10-4380-afe8-c8776776d263,Snacks,8,18.57,41,2,2024-06-09,No,148.56
0b2e9552-ea07-4a37-8b1c-a67a32dcb560,Clothing,2,25.04,40,2,2024-04-28,No,50.08
98fa019d-c404-47a9-afd4-d49773d5784c,Stationery,9,43.22,45,2,2024-05-07,Yes,388.98
4b5663a7-0ab4-437c-bd0c-2461fccc9309,Toys,8,30.44,27,5,2024-07-13,Yes,243.52
86aa5d48-405f-4305-bf5a-4060c48f4ab6,Books,8,19.8,46,2,2024-02-10,Yes,158.4
9d246b95-65e0-4fc9-92b9-4e7afe63af3a,Books,10,26.74,35,2,2024-04-12,Yes,267.4
b31a4ded-9a76-47cf-8593-3ca23ac5389d,Snacks,8,11.97,33,2,2024-01-31,Yes,95.76
14c4ab53-34fc-4d30-a07b-83b28618307a,Stationery,1,42.22,31,2,2024-01-20,Yes,42.22
2908d5bc-5130-41c5-bbed-18552fc495b6,Snacks,10,42.96,23,3,2024-12-18,Yes,429.6
25adf81b-64ac-446d-a79d-7356cabc00ce,Clothing,5,3.61,29,4,2024-07-22,Yes,18.05
df4d5e7a-6cea-4438-8056-02518350caad,Clothing,4,7.95,43,4,2024-12-13,Yes,31.8
1347c523-cae0-4da9-9191-98462819ceb6,Books,9,44.69,33,3,2024-04-13,No,402.21
93d4c4b5-455a-49f8-ad10-81e488e45b55,Stationery,10,17.68,45,2,2024-02-17,Yes,176.8
da34153a-a3d6-4fea-9157-8237e3f4770a,Books,7,21.82,27,6,2024-08-18,No,152.74
cfff0724-3676-44c2-8cd9-c0cec19501f6,Snacks,10,18.16,27,1,2024-05-08,Yes,181.6
ef46dcf6-7795-4508-a50f-ddc371a7c196,Books,10,8.75,26,2,2024-07-08,Yes,87.5
6d23f0dd-f2bb-4a57-826b-52d8e64f06e4,Snacks,4,9.47,46,6,2024-07-07,Yes,37.88
4942fb12-10a2-4255-93c3-78a09d420e57,Snacks,9,13.86,25,6,2024-11-20,No,124.74
cab349c4-014a-4ad7-9718-431efaaffa74,Snacks,10,17.23,35,2,2024-03-13,Yes,172.3
1ef5c950-e4c1-46b6-8f51-4e1bc5ce3cb6,Snacks,9,44.21,37,6,2024-07-20,No,397.89
bf59a3b8-5a7d-4a09-93c6-e0af6ab05e5b,Books,9,17.58,38,1,2024-08-01,Yes,158.22
0d5a08d3-7d67-46ae-a238-165f90635a81,Clothing,1,4.47,41,1,2024-05-24,Yes,4.47
7061cb34-2a71-47c8-a0b9-5c1c8622f8c5,Clothing,8,15.06,43,2,2024-07-12,Yes,120.48
2aa63614-3f28-4321-b73b-790acac0274c,Toys,9,2.03,43,5,2024-03-18,No,18.27
1fe8f96b-ef18-4445-a1cb-f17c614f1438,Snacks,6,8.75,35,4,2024-09-23,Yes,52.5
514dfb2e-7d00-4835-b5a8-d6a5ed6bc696,Books,6,11.55,22,3,2024-10-09,Yes,69.3
b9f982ab-4f9c-4544-9f1e-0d70e7cb0ad6,Clothing,3,3.25,22,1,2024-01-19,No,9.75
781b2ed8-bddb-49a4-8398-2c9fc2aff485,Stationery,4,15.88,24,6,2024-10-10,No,63.52
cde5d6b0-c63d-4570-abea-fd7fa74dfa3b,Stationery,9,36.58,27,1,2024-07-30,Yes,329.22
86ca440e-6a09-4980-be7c-7a245b6b453d,Clothing,10,24.23,30,3,2024-03-06,Yes,242.3
bca2b607-cead-48e0-b9e9-0f18c27112d6,Snacks,7,43.55,35,5,2024-05-27,No,304.85
1bc0c87c-699a-48b4-aeb5-4d8458b43baa,Books,7,12.82,22,2,2024-12-16,No,89.74
46039098-82c5-49c3-92f6-e1235bd9bcf5,Clothing,10,25.16,50,6,2024-04-04,Yes,251.6
3501e644-2563-4d79-84b2-11c1576700a8,Clothing,5,34.55,44,2,2024-05-11,Yes,172.75
3c5ae587-f3f4-44c3-9255-76894785a148,Books,8,45.94,20,4,2024-11-12,Yes,367.52
447eb32c-2280-4da6-a642-883908d981c0,Stationery,6,11.83,28,6,2024-12-18,No,70.98
dd1bb8a6-e8c9-41f5-821d-eede33b44bef,Stationery,7,47.68,41,6,2024-12-22,Yes,333.76
379ce5ab-abcc-42a0-9969-a0769d4fa242,Snacks,2,9.7,40,6,2024-09-13,Yes,19.4
65d2bfc9-fa97-4c28-a57b-2391f3ddc401,Toys,7,50.29,40,5,2024-06-08,Yes,352.03
53918e69-d393-4d1b-8dce-91e4fcdc6342,Stationery,9,24.39,26,5,2024-08-21,No,219.51
01734f53-3404-4513-9feb-f825d18c59f4,Stationery,10,6.82,43,6,2024-10-31,Yes,68.2
a052756e-2429-4be3-978c-b33ab1197741,Toys,7,38.47,42,2,2024-11-25,No,269.29
e18d0c51-9266-4cf6-b9a5-086383c42b80,Books,4,15.52,29,3,2024-03-09,No,62.08
bc46a955-1839-47cf-a056-9f02b7ab4175,Books,6,31.53,39,6,2024-12-21,No,189.18
af8101f2-669c-4f66-bb8e-ad7ef444f8de,Books,6,36.97,37,2,2024-03-02,Yes,221.82
a6c0b951-1d80-4b66-a2c0-5f6a9de1edce,Clothing,8,44.46,20,1,2024-06-17,No,355.68
2b2f5e81-3989-4b61-bef9-4b1fb4e43d3f,Stationery,5,35.81,45,1,2024-04-26,No,179.05
a5b3637b-0fe6-4dc5-a4de-04f6ba6bde99,Clothing,1,7.67,24,6,2024-04-30,No,7.67
48f50661-98e7-4152-ad50-bc27760eca08,Toys,8,15.03,24,1,2024-06-13,No,120.24
bdd1a3c7-4b5d-4313-aa88-cb1ac9060396,Snacks,1,24.36,33,3,2024-10-01,Yes,24.36
87cc3d41-180e-491f-b2dd-96eb618d59cc,Toys,2,31.79,32,5,2024-03-18,No,63.58
41663572-6b46-4922-a5e6-4bcde0086ea3,Books,3,16.02,37,5,2024-08-26,Yes,48.06
4d3312b5-8aa6-4065-933d-1382a10c3018,Toys,6,39.23,35,3,2024-08-19,Yes,235.38
4a56ed43-7707-42c0-9292-8632e27d3d43,Clothing,10,34.91,50,4,2024-03-02,Yes,349.1
45cc2050-84e5-48e5-822c-3527cc62434e,Stationery,4,35.4,47,3,2024-03-25,Yes,141.6
55dbe48d-30a0-4933-8671-57ba7d5566c5,Toys,4,6.26,33,5,2024-01-23,Yes,25.04
35123c19-5cec-4dfc-aa2a-4d6d9b8e0035,Books,4,21.16,32,4,2024-02-16,Yes,84.64
a60b9638-7c3b-4794-9981-99b677ed5521,Books,6,17.11,33,6,2024-08-07,No,102.66
917b92c5-6336-4dc3-bbc9-a11b05f63901,Books,4,29.02,41,6,2024-08-13,No,116.08
ea53bb94-22ee-4d10-931b-7f016118667b,Snacks,7,35.96,22,6,2024-09-15,Yes,251.72
1bd7d619-7877-49e0-a162-3c89b84811b3,Snacks,10,23.61,31,2,2024-04-02,No,236.1
06d8f5da-c47e-44ae-b18b-23440b02ba66,Stationery,5,4.42,32,4,2024-10-16,No,22.1
606b4a08-4365-4a63-a9ea-5329ed8e146c,Clothing,9,5.68,41,5,2024-04-20,No,51.12
19de3664-e17e-431e-ac10-0057b6fa9b57,Books,8,17.69,50,2,2024-12-28,Yes,141.52
0a045597-c375-440d-b9db-e075f9bb50c0,Books,4,15.45,36,1,2024-03-22,No,61.8
a71f7797-290c-4086-b486-39e652f08746,Snacks,8,12.83,37,5,2024-10-12,No,102.64
bfc9f11e-0a08-4604-97fd-9a93e9ab59f6,Books,1,40.35,43,4,2024-06-30,Yes,40.35
14254f5d-c8a9-4f3a-b052-98e76254bd5f,Snacks,4,28.17,35,1,2024-07-27,Yes,112.68
3d416d4c-a08d-4a48-819d-825b2ccd726f,Clothing,1,3.02,43,1,2024-11-27,Yes,3.02
5bb88a22-6f0c-4b51-b65a-4af2c6d3e0d0,Clothing,9,21.44,45,5,2024-09-27,Yes,192.96
31db4edb-8a0a-4560-8146-d29456f7ecb3,Snacks,3,7.66,42,6,2024-08-18,No,22.98
4f08b025-eb50-4d28-9b2b-0a06dc67a401,Toys,1,30.74,29,2,2024-04-09,No,30.74
497ba739-13c7-4c02-ae0d-98e2eceb3e19,Toys,6,7.88,20,1,2024-04-24,No,47.28
6ceb99bb-6f0e-4558-9bf3-2ec5300220d4,Books,10,40.24,28,6,2024-06-17,No,402.4
6d8cd39d-0598-4cd2-a4b5-01c75522c735,Stationery,3,14.92,42,4,2024-01-15,Yes,44.76
ea977f6b-ac95-47a3-b043-6fa378f79b8f,Snacks,3,20.02,23,1,2024-02-21,No,60.06
3abb2c59-e121-412b-8fdd-126aac622ccf,Snacks,9,42.11,47,1,2024-05-02,No,378.99
78ff82e3-80b7-405c-a435-0050546e66e5,Books,7,8.14,25,5,2024-02-07,No,56.98
2dc53448-9584-4d61-ba7a-121ecfacd0c0,Snacks,5,41.32,32,1,2024-04-22,Yes,206.6
9822e091-36f9-4908-bc66-1968fcc5b348,Stationery,8,19.51,47,5,2024-11-10,No,156.08
63d39ca0-0366-4bfe-b702-612c484b357f,Books,3,20.15,36,6,2024-07-30,Yes,60.45
4965b3b6-cf9d-4bdd-a4f5-88000a8142ff,Toys,8,4.55,50,2,2024-09-19,Yes,36.4
74d68610-2333-4b99-bc27-e87485a717c8,Stationery,6,10.83,20,3,2024-12-20,No,64.98
0a1362c1-e01a-48d7-8548-2b1549bd40c1,Clothing,7,8.4,28,5,2024-08-12,No,58.8
8d461327-cad9-4e63-8c84-0f71405d72b0,Toys,10,37.74,24,1,2024-07-29,No,377.4
df9d3911-fa61-47d1-9375-9ceef9063675,Books,9,4.39,40,3,2024-06-01,Yes,39.51
3843cde9-b0b9-4f8d-852e-9590977273ca,Stationery,4,35.8,28,3,2024-02-26,No,143.2
c1ac16a6-e569-4082-9dae-23b3bad94f4c,Snacks,9,45.45,42,5,2024-08-26,Yes,409.05
dc5ca844-9904-45c7-9559-0592c6325bea,Clothing,6,2.77,39,6,2024-06-10,No,16.62
2cc458cc-438e-4fd2-a600-a5f31845e190,Clothing,6,24.37,44,2,2024-02-14,No,146.22
d34d10c7-e18a-4ffd-ba3e-6b8329233311,Stationery,9,28.34,39,4,2024-12-19,No,255.06
e80b01fc-534f-4016-a9ab-b727d3d0a853,Toys,7,4.25,30,2,2024-12-19,Yes,29.75
90c6bd07-4bb2-4a9c-a858-aa3482fa5754,Books,3,30.42,21,1,2024-11-10,Yes,91.26
f69ecf7b-dc96-4688-9b3b-3b3878f43040,Clothing,8,39.29,29,2,2024-04-08,Yes,314.32
6d4ff759-0dc2-4ae8-84bb-402de9d8047e,Books,10,39.94,27,2,2024-08-18,Yes,399.4
9e6d92ed-0432-40e9-ad46-ef6bb7c43575,Toys,7,5.87,23,1,2023-12-31,Yes,41.09
a74f8186-6bf1-4d9e-9635-80445b576f58,Stationery,1,11.46,26,5,2024-07-15,Yes,11.46
05b1c699-9e2c-4da1-9b88-11f74e7b2617,Snacks,6,6.64,32,6,2024-10-23,Yes,39.84
82b5c209-7a06-4468-b70e-26f56444a9d4,Stationery,4,12.52,33,4,2024-05-01,Yes,50.08
2e5a67b7-5b9e-498a-8aee-d04c9985775c,Stationery,7,9.72,22,5,2024-05-27,Yes,68.04
df754d1d-00ed-47a0-a16f-251eb84ae978,Clothing,9,19.45,30,5,2024-03-05,Yes,175.05
3367bd48-ac5b-4857-925b-1dc07401b0a0,Toys,4,50.64,32,1,2024-04-04,Yes,202.56
89296553-2ecf-433e-8131-46afad2e468f,Clothing,6,49.13,31,3,2024-07-03,Yes,294.78
e28c74e5-44ad-4542-9b0d-acd3f002bb90,Toys,2,25.65,40,4,2024-04-19,No,51.3
94983a6c-cbc0-4a0b-b5d8-5ca020a984f1,Books,10,11.45,50,3,2024-06-30,Yes,114.5
2db0c56b-8d5b-4b9d-849a-ee6a99076ab5,Toys,1,25.3,23,1,2024-07-02,No,25.3
d56f901d-1bec-47ce-9c6f-dd57648e3f8b,Snacks,3,50.42,39,2,2024-05-25,Yes,151.26
84723049-e9ca-4737-a4a7-f5ef6af8f98a,Clothing,6,6.76,44,6,2024-02-26,Yes,40.56
e299e265-3667-41ae-8380-47f699a3a5b6,Stationery,3,48.12,32,5,2024-11-13,No,144.36
604b6cde-12bf-4539-a510-707d515afa4b,Clothing,8,44.56,31,2,2024-09-03,Yes,356.48
ed55fc66-61d6-41f5-88d3-be0b923a829a,Stationery,9,34.55,35,1,2024-12-05,No,310.95
7b3f22cb-c858-464b-9fc9-1f368a28c1bb,Books,8,24.24,32,2,2024-11-18,Yes,193.92
e0ef4585-6c07-49b6-9c84-4f867541daab,Stationery,3,12.78,25,1,2024-02-08,No,38.34
e91209d5-ef79-4518-99a2-7240ed7796ba,Snacks,6,38.35,22,4,2024-08-01,No,230.1
2a2fa8be-4927-4a39-aab8-599e7330a919,Books,3,47.59,28,6,2024-05-08,No,142.77
4422b5bc-b63d-45ca-afff-add7caac6e48,Clothing,7,14.16,45,6,2024-11-25,No,99.12
612e6f2f-a37c-4991-92ab-490f8b3e146a,Toys,8,38.63,47,5,2024-12-14,No,309.04
4490c2cb-3f2f-4b89-be46-54b5460d9b70,Snacks,2,27.88,50,6,2024-10-13,No,55.76
4d9f14d0-7189-474d-8373-4a7185dab7de,Toys,2,34.11,23,2,2024-09-14,Yes,68.22
d0395c31-844b-4bab-89af-213de37d35b9,Toys,8,23.46,44,5,2024-09-01,Yes,187.68
d12bf4d4-ee46-42ea-afe1-6cadd3ea78c0,Clothing,4,18.15,27,1,2024-08-05,No,72.6
9230cbc1-ab6a-4a84-9dc3-d7b61424b2bd,Snacks,7,46.07,23,2,2024-01-22,No,322.49
31fb5f78-6bfa-4884-9403-20beff4442e3,Books,2,4.33,47,3,2024-07-11,Yes,8.66
c4b3d71a-518a-40de-a2f5-201b1952c09d,Clothing,5,26.82,31,3,2024-08-31,Yes,134.1
d62dd483-9ed7-4528-801c-dbb9c0266166,Books,9,31.68,25,4,2024-06-29,No,285.12
8ed9388f-d0c8-4fea-990f-95f664891ad0,Toys,7,13.04,22,4,2024-05-05,No,91.28
0e719b46-1597-4307-b468-1a3a13197ba8,Clothing,8,41.95,40,4,2024-04-24,Yes,335.6
72228262-dfd3-45d1-9861-edcd0df4bd84,Clothing,5,31.45,43,6,2024-05-13,No,157.25
a9e21166-20ad-4e0b-ac3c-3908f968fbe6,Books,4,45.92,22,2,2024-12-21,No,183.68
9bc5911b-cb64-4d62-86c7-cfb04c26f1c4,Clothing,2,15.01,35,1,2024-05-28,No,30.02
a5f0cdd0-1e20-4862-a4bb-bd7b0d051212,Toys,8,41.79,35,5,2024-01-26,Yes,334.32
16dbba44-fb6d-438d-acb1-373e8729dcd6,Books,10,27.0,29,2,2024-02-25,Yes,270.0
c17cf388-ccb0-4917-9daa-8ccdc01e465b,Books,8,22.94,46,6,2024-12-28,Yes,183.52
505cd305-f7bc-41e5-bae6-69873fdbad58,Snacks,8,38.6,35,5,2024-08-25,No,308.8
356f36f4-18c4-4927-951a-a6e32f97a097,Stationery,5,16.16,29,4,2024-06-18,Yes,80.8
0c868846-1d28-4b19-91e5-8f9f46d7d238,Toys,7,18.28,47,5,2024-12-02,No,127.96
640790fe-a6c0-47f9-a102-39ec3162698b,Toys,2,30.54,20,1,2024-01-13,Yes,61.08
8de43630-0d1c-4943-9bc5-f29a1556bb38,Books,1,17.35,22,6,2024-06-05,Yes,17.35
985aeff3-a921-428b-8712-6b8dc5408880,Books,1,26.89,22,4,2024-11-01,Yes,26.89
d028ef32-5b60-4f88-9cf1-4c6c31863216,Stationery,6,47.2,21,3,2024-05-29,No,283.2
5780009c-2ca8-4240-8ad7-a34c511dd3ff,Clothing,3,37.83,41,3,2024-11-05,No,113.49
96c57a4b-89b4-4e90-9766-94316a0c9039,Toys,2,13.76,23,4,2024-05-19,Yes,27.52
8df5b32a-9d4e-41b0-b4dc-0adf455570de,Snacks,10,41.32,45,3,2024-02-14,No,413.2
7b98c3f9-2844-4457-a36f-eddb95d096bb,Stationery,5,50.89,32,4,2024-12-18,Yes,254.45
7ed5c898-c53f-4bdd-8921-3f0892637327,Toys,8,42.93,35,3,2024-10-12,No,343.44
62cf7f95-6333-416b-8461-68dfea1e24d6,Clothing,2,24.25,20,3,2024-09-03,Yes,48.5
b932e823-f3b7-4e96-b5c5-43f882266e83,Books,9,14.46,47,2,2024-08-22,Yes,130.14
5acb3a17-f442-4397-b152-ace04457972d,Clothing,7,15.61,46,5,2024-04-22,Yes,109.27
de2d2162-ecfe-4a71-8bef-c3e352437148,Stationery,4,46.95,27,6,2024-04-19,No,187.8
a7633349-c237-455c-80ce-3e52c8a31540,Books,2,33.07,30,3,2024-02-17,No,66.14
58163395-454c-482f-9969-3a3cb9b9410b,Clothing,9,28.5,27,6,2024-05-13,No,256.5
38c93a80-0661-4ca3-8d08-91a870978564,Stationery,8,8.53,20,6,2024-10-16,No,68.24
e9a10e47-249d-415c-8cda-981dc7936d6f,Snacks,8,47.65,31,4,2024-10-17,No,381.2
ac7ea530-0a94-4f70-bb40-161854ff6fe0,Clothing,6,43.6,50,4,2024-01-06,No,261.6
caedc43d-759e-46d9-9fb2-4b82c5665a21,Stationery,5,32.73,28,5,2024-05-14,Yes,163.65
a554ceee-c905-447e-aba7-25d9ceb42d19,Stationery,3,33.53,40,3,2024-08-22,Yes,100.59
ab10e038-8a5f-4acc-9f6c-8b93332477c1,Stationery,5,23.44,49,1,2024-08-31,No,117.2
1f25aa63-6a58-40b1-85a0-3804796863f1,Toys,5,44.3,45,6,2024-07-12,Yes,221.5
432b9f20-1745-406d-9a19-33a68be2de80,Toys,2,13.45,21,1,2024-02-25,Yes,26.9
02a5c19d-a4c2-4804-9373-1a358231d65a,Stationery,3,6.87,45,6,2024-02-28,No,20.61
7f391db2-4a1f-4a69-b8e8-07e21fa39728,Toys,9,29.58,25,2,2024-07-01,Yes,266.22
b6104e52-29aa-4848-a4c9-c4f8b619e683,Snacks,1,2.99,49,1,2024-08-23,Yes,2.99
886e37c7-81b6-4dc4-bbbd-de9cb7d75700,Clothing,9,21.52,45,6,2024-06-06,Yes,193.68
b7b98c1b-8312-401b-8227-636bfc738dc2,Toys,10,15.08,40,5,2024-10-01,Yes,150.8
3dfeab03-c785-4f79-934a-348a59befec9,Toys,5,33.53,37,3,2024-08-24,Yes,167.65
1f704dca-9640-49bf-bcbb-65bd911e112f,Toys,6,13.02,30,4,2024-07-03,Yes,78.12
c12fd9e3-3b85-476a-af89-462520496e4d,Snacks,7,46.13,50,2,2024-08-13,No,322.91
f483828c-8917-472d-ba8b-2cb9a91ea892,Toys,8,32.04,28,5,2024-05-29,Yes,256.32
c8ea6b6c-a193-43c0-8dcf-1f1e44e47d5f,Stationery,1,38.56,42,3,2024-06-25,No,38.56
675c47d6-a189-45a0-b0ac-3b86e5e347bf,Toys,6,16.06,41,5,2024-06-13,No,96.36
d414709c-811d-435e-9fb1-af6cadc69226,Clothing,8,50.47,48,6,2024-01-08,No,403.76
aea5940a-8e40-4ef7-a16b-12ca5207eb24,Snacks,7,13.34,31,2,2024-03-20,Yes,93.38
10f55b42-8eb5-4ca3-8d5b-10198f1cd759,Snacks,5,7.8,25,3,2024-05-09,No,39.0
a7abdada-b41a-4231-a0c2-9c0b62c61794,Clothing,4,7.59,45,2,2024-09-29,Yes,30.36
90938f94-3958-42fd-a45f-9dc2f1292917,Toys,10,49.24,29,5,2024-05-01,No,492.4
0d38630b-3f6b-4362-b756-7fdd385f8b15,Clothing,1,19.59,37,3,2024-07-16,No,19.59
d266184d-b1b2-4790-9473-b308ce7ed0aa,Snacks,1,38.87,37,2,2024-10-26,Yes,38.87
cd080fe6-41d9-4333-aba5-033fca2d2e84,Stationery,3,8.84,42,2,2024-07-31,Yes,26.52
e44a9ac2-02f5-4a02-92e2-67e0b2e342de,Toys,8,17.54,21,3,2024-02-02,No,140.32
4f208eed-73bf-4ce8-a989-dd42b8d675ab,Snacks,8,26.65,26,2,2024-08-19,No,213.2
4abfdc97-8de2-4d3a-8d90-5944b19da641,Snacks,1,26.61,36,3,2024-03-15,No,26.61
3d7595a5-bd2e-46b6-b476-2d8f3a330057,Stationery,2,32.47,49,4,2024-07-16,No,64.94
9c8ac96a-84e4-432c-b9fd-75117746fbe4,Stationery,10,8.49,21,6,2024-02-25,Yes,84.9
1b5ba75b-ac4b-4100-87ab-9248301401dc,Clothing,4,28.13,35,4,2024-02-06,No,112.52
1df17f6a-3914-46ac-bef9-a5b480a31eab,Books,4,35.23,32,2,2024-01-02,No,140.92
8009269e-0fd3-421c-8704-4d8b13c3f34e,Stationery,5,8.9,37,4,2024-07-23,Yes,44.5
cb5d73ac-ae5f-44c4-b4ea-60ae710c1bd6,Stationery,3,24.83,32,2,2024-11-20,Yes,74.49
ed9e393a-f363-4ae7-96de-89dcc0e2b907,Stationery,7,36.07,29,6,2024-08-30,Yes,252.49
9e8fcc17-5392-4890-a9e6-1f9c2543e92d,Stationery,10,30.23,42,1,2024-04-09,Yes,302.3
9566634a-a408-4099-a2d8-43a3240dc0ab,Toys,7,22.5,50,1,2024-08-13,No,157.5
c6c47404-acbd-47f9-b241-675245f64f8d,Stationery,8,46.26,36,2,2024-09-11,No,370.08
71d1e425-51d9-4607-82c6-fb64d522e0a2,Clothing,2,4.1,36,1,2024-03-05,No,8.2
04e5e784-9be8-45a4-8105-3a3da78c9c46,Stationery,1,21.98,20,4,2024-09-04,No,21.98
4deebd2d-5180-47e2-a876-f6543c2592ef,Toys,10,17.26,46,2,2024-03-30,Yes,172.6
c92025cf-de45-4266-a237-e5999db66b24,Books,6,8.87,21,6,2024-09-20,No,53.22
555006de-16bf-4486-87e9-b2d7577dc898,Clothing,3,9.17,31,4,2024-12-15,Yes,27.51
a7a7aae9-9331-4d6b-8ddf-5d265024a1b2,Toys,10,16.7,45,5,2024-08-02,No,167.0
c40d550e-a081-40fa-af3e-3283fe7f3a5b,Snacks,7,48.19,48,2,2024-12-25,Yes,337.33
180e8889-903c-4a70-9733-e6402c06c15c,Toys,9,28.69,38,1,2024-02-21,No,258.21
02decb3f-59b9-482f-b3d5-b42998560c31,Clothing,9,45.76,46,3,2024-04-07,Yes,411.84
a66e554b-1851-4041-93d7-16b5878c6d52,Toys,7,14.61,35,6,2024-07-03,Yes,102.27
1a8fe88c-8908-43b7-ab7e-4e98e9827255,Books,2,11.26,43,4,2024-06-08,Yes,22.52
5d77417d-3c82-4df2-b79b-98f4670f9666,Snacks,1,44.55,48,2,2024-07-12,No,44.55
76cb6145-5609-451e-86f9-8ef4f38ccbb5,Stationery,9,13.01,41,2,2024-02-05,No,117.09
e3452768-e63f-481d-9c51-a931db35e79a,Clothing,6,30.27,22,3,2024-01-11,No,181.62
0b352cdd-6042-497c-bfa0-e4ac44844487,Stationery,10,38.21,42,5,2024-09-10,No,382.1
d5440875-aa38-4cc6-a396-1c1794861970,Snacks,2,43.38,35,2,2024-05-14,Yes,86.76
52f29844-cbae-4aed-aa18-0ed994a28170,Books,8,34.86,20,1,2024-04-06,Yes,278.88
98d5fab9-3522-40ee-a538-35aaa9d69965,Books,5,10.55,24,6,2024-03-06,Yes,52.75
81957eb4-cc0d-4cbd-b1e6-042c26fbb31d,Toys,8,44.6,27,5,2024-12-24,Yes,356.8
dd8c8650-7c40-4f42-8ece-3245ce3c6e12,Toys,3,3.35,28,2,2024-11-11,Yes,10.05
2bba4a24-35d8-4d07-adb9-519756be71d6,Stationery,9,28.04,38,5,2024-11-07,Yes,252.36
c0fded6a-82ba-430f-97f9-16ffc3d15c01,Books,5,37.51,32,4,2024-05-09,No,187.55
be12f22e-8564-4389-9194-072d0c4e02a1,Clothing,10,47.68,38,2,2024-09-22,Yes,476.8
b7e042dd-db3a-4729-8d22-6919d2c9c037,Snacks,4,13.08,46,3,2024-12-18,Yes,52.32
db8106eb-66cf-41f2-b788-0d8e356a5871,Toys,9,39.49,26,2,2024-06-06,Yes,355.41
6c0906a9-dac7-4a69-99b2-d43ce6f4178d,Toys,5,42.06,44,5,2024-07-30,Yes,210.3
3e51108f-fc13-4f7f-b292-099a5cf5b77b,Snacks,6,38.28,20,5,2024-03-25,Yes,229.68
14c64b0c-00ed-4b00-8ea1-60d6999774db,Books,3,12.27,39,5,2024-11-21,No,36.81
09a0ec95-028b-4694-a569-12cbe49bcf81,Toys,3,39.25,38,1,2024-07-17,No,117.75
f9c39c70-3d3a-40c6-ac91-dcdecad9549d,Books,8,18.61,25,4,2024-09-11,No,148.88
ca35b7ed-ddda-47c9-8790-0aa93abe1601,Toys,8,9.75,44,6,2024-01-30,Yes,78.0
e28b5620-8d50-4f67-bd5e-f6021b612215,Stationery,4,40.97,39,5,2024-09-11,Yes,163.88
415c06ea-2f00-466c-9c56-079ff2dab4f7,Toys,7,25.67,30,4,2024-12-20,Yes,179.69
09b8ac49-ca3a-417b-82bf-62d7ea8e85aa,Snacks,5,29.05,37,3,2024-02-10,No,145.25
3c95bf3e-fe83-467a-a1c3-ff98c730322d,Clothing,8,18.08,44,1,2024-12-10,Yes,144.64
684a9cab-4d24-4835-8dd5-667a753c0111,Snacks,1,45.35,35,2,2024-12-17,No,45.35
6c65d467-4b70-4e56-ba30-e039937d89fb,Toys,4,30.9,26,4,2024-06-19,Yes,123.6
ae2a3277-c78f-493b-86f7-52f179fe07f8,Toys,5,32.34,31,2,2024-10-25,Yes,161.7
7e90cb6b-ee91-4fb3-8b93-91001b225d90,Stationery,7,32.88,31,3,2024-03-08,Yes,230.16
db4398db-a6da-4c2f-a96d-992222b0ced9,Snacks,6,40.42,23,2,2024-09-22,No,242.52
3bc2cfa8-7d79-43ec-aed9-c6a2b9efc113,Stationery,10,2.23,37,1,2024-03-25,Yes,22.3
f5ed7398-0c43-487c-bdf6-ac1a90ee08ca,Clothing,5,11.3,43,6,2024-12-16,Yes,56.5
7f9b4504-ac5e-48f8-bd97-c7a30101085f,Clothing,10,38.47,24,6,2024-08-08,Yes,384.7
a85f5b6a-1440-44a0-a37f-8b5b8432c473,Clothing,1,39.49,44,6,2024-02-15,Yes,39.49
a702a8ee-961b-418a-8b22-137e14f38dad,Clothing,6,49.03,29,4,2024-08-23,No,294.18
29b1e997-0898-4243-92b6-504b24c168cd,Snacks,4,20.45,23,4,2024-12-09,Yes,81.8
584fe5df-1ca8-49ec-8c98-06f0c6146971,Snacks,2,50.08,20,3,2024-10-22,Yes,100.16
12c34784-0248-454d-b9cd-21c251ef0491,Stationery,10,20.91,37,5,2024-04-05,Yes,209.1
184095f9-2234-4fa1-b801-e1064c8a875e,Snacks,1,32.39,32,1,2024-06-14,No,32.39
8f27fae2-a507-4cfa-843e-bed29c552b4f,Snacks,2,43.63,45,4,2024-03-09,No,87.26
7b103193-6e33-463d-8caa-2e2f5184f837,Clothing,1,16.49,26,2,2024-05-13,No,16.49
008eed32-ef93-4f15-a2c3-decf196342c5,Books,1,21.24,34,4,2024-02-16,Yes,21.24
a86409a7-2dc9-43e7-bc18-e617401cadf2,Books,4,28.68,20,5,2024-09-25,Yes,114.72
2e2938e4-0199-47c4-bc45-745eee7139b1,Snacks,1,26.94,30,4,2024-10-07,No,26.94
bce0475d-74c8-4116-9932-2a0fc22b60d3,Clothing,3,39.47,34,5,2024-08-15,Yes,118.41
d4af908e-4758-45ee-ac96-424a40d0c21e,Stationery,4,50.13,27,3,2024-02-20,Yes,200.52
15492ea2-3616-4ae2-91c3-b6fdd5de345b,Books,9,37.32,33,4,2024-11-20,No,335.88
ad073b51-29c1-4a1d-a4ae-8187a88b93cb,Snacks,1,32.0,27,5,2024-11-14,No,32.0
04971780-b5ee-441b-a77f-8b3354fe01a8,Books,1,8.44,28,2,2024-06-20,Yes,8.44
44da0bc2-de12-413e-a5be-fb3f063b1427,Toys,1,2.59,24,2,2024-03-14,Yes,2.59
8e20c645-d29c-4c09-a189-01f49073f01f,Stationery,2,23.41,36,2,2024-10-12,Yes,46.82
56e47750-01a4-4698-ad24-336990c998fa,Books,4,41.56,37,2,2024-07-18,Yes,166.24
0674eab5-0994-47c9-b653-5a5910a16298,Clothing,5,45.65,33,4,2024-04-14,No,228.25
eb7b5101-86a9-41bc-a80a-ba38fc174c06,Toys,6,8.81,42,3,2024-04-30,No,52.86
19efe58e-6f1e-44da-8c42-ab941ae2417e,Clothing,2,41.65,41,6,2024-03-16,No,83.3
4d0df08d-b98e-467e-acbe-0ccc0ac5a92a,Snacks,7,40.6,35,6,2024-02-02,No,284.2
c049d6b1-0947-4374-b6eb-26a7a43cf84e,Snacks,4,26.02,34,2,2024-03-22,Yes,104.08
aa248e19-a809-4d1d-b63f-27c77d1acae3,Books,3,6.61,31,6,2024-06-21,No,19.83
4247d32b-4be8-407d-aa4d-98b0ba79e668,Snacks,5,33.68,48,6,2024-04-22,No,168.4
920bd67c-0748-4aac-8ecf-4fd680313951,Clothing,7,5.82,35,3,2024-01-06,No,40.74
5502158f-27ee-4882-aee5-01201e1e5353,Toys,9,22.97,25,6,2024-03-02,No,206.73
5b3ff87c-620f-4a03-94fe-84bc2d4b96a6,Stationery,1,4.04,49,1,2024-08-30,Yes,4.04
c3be3727-34f8-4c90-a39e-84ed3f2aa9a1,Clothing,7,32.33,27,4,2024-04-13,No,226.31
6a8bc4ab-e0db-47dd-84c1-808f605eb90e,Snacks,7,20.57,31,5,2024-06-06,No,143.99
6995cb91-dd77-4d99-80df-70dd004a600d,Snacks,4,40.46,44,5,2024-01-26,No,161.84
e4a5c380-cee4-4e68-8e27-bb6fe531dc09,Books,6,15.92,31,6,2024-01-27,Yes,95.52
9d8e5a08-090b-4d27-b3db-720994ca0ab0,Books,4,5.25,28,6,2024-04-28,Yes,21.0
fa1fdd19-d099-42e2-8a18-6e00699110f3,Clothing,9,29.93,31,4,2024-07-19,Yes,269.37
ac683a39-e46c-4822-acb7-142648a7827a,Clothing,2,9.8,24,1,2024-08-12,Yes,19.6
68a1d769-369b-4e29-8ff9-5a69fadfb2e8,Books,5,23.15,43,4,2024-01-10,No,115.75
fb96d999-97a9-487a-808e-27f211fa8732,Toys,10,49.14,30,2,2024-01-21,No,491.4
a60f1cc4-4ca1-4416-bda2-0923a24b1682,Clothing,5,7.9,33,3,2024-09-22,No,39.5
9bd5a0bb-aa50-4cbe-87ba-53176be98a75,Snacks,5,34.25,47,5,2024-04-19,Yes,171.25
b7d34587-3c68-47ed-b954-f9a1f60ac55b,Books,1,13.05,43,5,2024-09-27,Yes,13.05
f6e81970-b74b-4bc5-b976-f008c8ec6aa0,Stationery,1,44.69,32,6,2024-07-04,Yes,44.69
29e4db73-74cf-4d46-80f1-842132585ae0,Clothing,5,33.41,44,2,2024-09-13,No,167.05
e29362a4-1278-4083-8b6e-400bb9e6a0b3,Snacks,5,42.62,49,1,2024-06-04,Yes,213.1
825b232b-3c31-46a7-b059-4825193b57fb,Toys,3,37.32,35,1,2024-07-26,Yes,111.96
436a1f81-0411-4ddd-aadc-65233b682593,Clothing,4,35.47,26,3,2024-11-01,Yes,141.88
eb7ba9f4-35ca-45c6-a45f-a5e4c9ec55d8,Books,4,3.01,27,6,2024-08-07,No,12.04
7a171b07-9436-4128-899c-e89255f113a6,Clothing,7,4.03,47,3,2024-02-16,Yes,28.21
f3dea2c0-c03c-4b10-95b3-4c9e735a12a2,Snacks,1,12.85,21,4,2024-10-25,Yes,12.85
0bea6ee0-f60f-4340-8c95-235f5613271c,Clothing,8,4.59,25,6,2024-09-03,Yes,36.72
ea88ae64-ca55-40ed-b08d-d823d02e7fcf,Snacks,6,35.14,31,3,2024-03-01,Yes,210.84
c3484539-06e9-434c-972a-11c1896a2dbd,Books,8,14.78,28,5,2024-10-13,Yes,118.24
35020623-af7c-4927-b65f-dc1eb746dc3b,Clothing,5,50.55,23,6,2024-10-27,Yes,252.75
6de83bf2-3c7a-4143-a125-8ddd06df8a1b,Snacks,8,6.29,38,5,2024-09-05,Yes,50.32
8e6894d4-e350-47aa-83ce-2ad2e8190d59,Books,4,43.34,26,6,2024-12-14,Yes,173.36
ee20fe2d-4209-4986-90f0-b5719e2f5288,Stationery,2,42.75,40,4,2024-06-25,No,85.5
98cbcce3-bcc6-4b91-9030-7c65955e8a0e,Toys,3,5.1,42,5,2024-05-06,No,15.3
ede50a0e-28b3-4c2b-88bf-74f3f8cb3fe5,Snacks,9,46.73,33,2,2024-03-03,Yes,420.57
b4f7e8ac-1c69-42eb-b0c9-201c9fca2e4c,Toys,1,3.03,46,1,2024-05-24,Yes,3.03
651211d1-f303-48ed-b82d-5a8587e1ac7f,Books,7,31.02,43,1,2024-05-22,No,217.14
487bb681-987a-437f-9c70-c62be628a720,Stationery,5,21.34,45,1,2024-12-06,No,106.7
565c042d-ed6e-4586-96ea-7d6c9bcfb404,Toys,3,25.84,21,4,2024-09-18,No,77.52
29e2bdee-bb09-48b1-98ee-9436a98e5ba9,Toys,10,36.0,39,5,2024-11-22,Yes,360.0
d03a6072-0c91-47b6-8032-328be85aac6a,Stationery,8,32.06,23,1,2024-03-21,No,256.48
25c8dd4f-ee38-426f-a303-3845d1eb81ef,Toys,9,49.3,25,5,2024-06-11,No,443.7
d92d4d6a-88aa-417f-a098-84c60e31b08e,Books,7,6.36,42,3,2024-11-27,Yes,44.52
d1020f57-4cbb-4d58-a807-2d42edd5742a,Books,2,28.37,43,3,2024-01-23,Yes,56.74
59005d11-25fc-4187-b214-a5d58cbf6e45,Toys,7,3.83,39,1,2024-10-28,Yes,26.81
dec89d9b-c1bb-4adb-a5f0-8f67cf99a865,Stationery,5,50.92,39,4,2024-09-29,No,254.6
ad2fe87a-234c-4795-9405-2693df209ceb,Snacks,2,29.05,32,4,2024-07-03,Yes,58.1
9380d393-3280-48c3-8972-f4e3dca6cfc3,Clothing,5,42.15,34,2,2024-10-22,Yes,210.75
e00d94a7-c147-4801-bb57-df922b0237a8,Clothing,3,5.37,42,4,2024-11-30,Yes,16.11
08b98504-6302-4dc5-8c8d-9bd78b51124a,Books,3,4.82,20,4,2024-07-13,Yes,14.46
ba1b8afd-64be-44eb-8c4d-c65ff0905859,Snacks,5,30.55,25,6,2024-06-02,No,152.75
f592acf3-a535-452c-a439-1c8fce154c93,Clothing,1,12.01,44,2,2024-12-07,No,12.01
23289049-a7a6-4fc3-af6f-c963501f7dea,Books,9,24.33,46,3,2024-05-23,Yes,218.97
c3841d03-64d0-45bc-8f3d-9f585d04017e,Clothing,1,27.05,38,1,2024-03-27,No,27.05
f7a10a3f-0e01-46e4-8ae2-6b79cd5d78cd,Snacks,6,4.0,48,4,2024-07-11,Yes,24.0
ee82ca1f-f0d5-4c08-9213-c2a15203c571,Snacks,6,3.15,37,5,2024-10-23,Yes,18.9
3cdd2a98-65ed-4888-8767-7a96a37c9f0c,Toys,7,10.69,35,1,2024-02-09,No,74.83
47442a09-51a6-4276-9528-8987c07fa5c7,Books,9,5.87,39,5,2024-11-07,Yes,52.83
77bdf9b7-c066-4eca-874c-2c230ca0779e,Toys,3,23.37,24,4,2024-08-26,No,70.11
e32e0363-99d7-467a-9514-780a647e2599,Snacks,3,42.69,22,1,2024-01-12,Yes,128.07
54804bbe-f156-4f76-aecd-591fcbba660e,Books,6,23.08,35,6,2024-05-14,No,138.48
525088d4-e69f-45c3-a6ac-5ce315430daa,Toys,2,47.0,23,2,2024-06-25,No,94.0
482516f0-218d-460d-92cb-7ddc708c9292,Toys,5,21.92,32,6,2024-06-01,No,109.6
9463813d-a7cd-4c06-987b-89e3be97f6be,Snacks,10,29.0,31,6,2024-03-14,No,290.0
756389dd-7d63-4f43-b159-0492b0c83c4b,Clothing,5,15.73,25,5,2024-12-15,Yes,78.65
62f97699-44d0-493b-bd90-be9fe23bd181,Books,3,31.92,49,3,2024-04-07,No,95.76
becd3271-8f36-48af-8353-fcefef435427,Toys,6,25.78,35,5,2024-08-15,No,154.68
30674b23-4f92-452a-a58c-f17db29a9d01,Snacks,6,2.98,21,3,2024-12-03,Yes,17.88
d7710e56-aee3-4505-99c4-d159f6a96f5f,Clothing,1,19.47,46,3,2024-01-06,No,19.47
b89913a3-c328-4bca-872f-f5152d699d3a,Snacks,1,7.13,32,5,2024-06-26,Yes,7.13
4b8afdd5-45b0-4968-bbd3-3f24daa59a8e,Snacks,9,40.4,33,1,2024-11-21,Yes,363.6
bcf587d8-6673-46b4-b129-8a2af6fc08ad,Toys,3,44.79,41,2,2024-02-05,Yes,134.37
fe9ca045-98fd-4ff7-be58-e1fe1620229f,Books,8,37.31,44,6,2024-03-28,Yes,298.48
80d3bd15-6c2f-4b5b-9ed7-55929df3fbfc,Snacks,8,12.63,30,4,2024-12-08,Yes,101.04
86707dac-aadb-4f3c-a187-112997f07ca5,Clothing,3,10.03,33,4,2024-02-28,Yes,30.09
2e89e975-8c89-495c-b99a-4e635ba5c049,Snacks,7,32.88,50,6,2024-08-08,No,230.16
5cb33182-41ca-4a77-bd78-9bb8be20fe51,Clothing,8,27.95,31,6,2024-02-11,Yes,223.6
b0c0eded-8474-446c-97bc-7f97bbf34768,Stationery,3,34.38,36,4,2024-11-10,Yes,103.14
bb0ee582-6d22-4e28-a0ef-fb68376aaacf,Toys,4,14.11,49,5,2024-08-30,Yes,56.44
ab27421a-8d68-4904-b920-af5535540293,Stationery,7,28.06,47,3,2024-03-09,No,196.42
43e8dc03-5383-4f5a-9706-63e4600917e9,Stationery,4,17.24,22,5,2024-08-09,No,68.96
51d70dd6-ce76-45e5-8732-d49fcd8d357f,Stationery,9,46.8,25,6,2024-11-25,No,421.2
fa1eef30-b70e-43ba-a0f2-3bd4fa2fcdad,Books,8,33.72,25,2,2024-09-11,No,269.76
66d05711-ecea-410d-a8fc-a875e53eb8e4,Clothing,3,32.45,23,2,2024-07-06,Yes,97.35
1a4a7349-7de7-4cd0-8fb0-f409c877e540,Toys,8,29.61,23,6,2024-08-25,Yes,236.88
2423062e-c3a8-451e-b40d-5b02a887bb11,Books,1,30.5,30,2,2024-03-06,No,30.5
5bbc78d6-445b-4f1f-861c-a3b37348dc23,Clothing,6,4.05,36,5,2024-05-07,Yes,24.3
0749b991-d8fe-41f8-860e-07015aee7bef,Snacks,6,26.91,27,3,2024-09-10,Yes,161.46
2e46d6f7-5395-4351-babd-36b6016b20e9,Snacks,10,28.55,23,1,2024-06-27,Yes,285.5
76f0a8bb-fdd3-4ce0-bdbc-96bef8f12724,Clothing,10,32.3,35,1,2024-01-26,Yes,323.0
6322843a-eb0b-45d7-9d46-022006a89a95,Toys,2,32.0,29,6,2024-11-14,Yes,64.0
7feca7ae-a24e-4056-bef4-d94b476f9f63,Snacks,1,29.39,23,2,2024-03-18,No,29.39
fe7c959a-f92b-4a7e-b9c6-f4f4e1489d72,Snacks,6,43.59,29,1,2024-09-02,Yes,261.54
1a612ed6-ac9d-40d0-b4d2-eaf6503f7ffd,Clothing,6,14.86,50,5,2024-08-05,No,89.16
f8dffe12-5bcc-4c36-bf1e-b7c1e312c60a,Stationery,2,19.0,30,1,2024-09-01,No,38.0
7a346b82-f1d4-4db5-ab26-fbe821527ec5,Stationery,7,42.83,40,6,2024-03-28,Yes,299.81
e1098df8-bb18-42ad-92d7-13e7d8077466,Toys,5,2.82,25,1,2024-05-24,Yes,14.1
1622f196-bf7b-4cd7-9eeb-5e24437354f6,Snacks,7,25.1,36,4,2024-08-14,Yes,175.7
05d5ab6e-e686-4c30-aa09-fc323582f243,Books,8,36.42,30,1,2024-03-06,Yes,291.36
e5f6c029-cba1-48dc-88de-969c44791979,Books,5,43.76,37,4,2024-02-20,Yes,218.8
760c819b-a3e9-4373-a3c5-f131b8327477,Stationery,3,10.94,24,3,2024-10-19,Yes,32.82
bda8aed0-b12a-49ed-8992-c145b7c5a340,Clothing,7,43.04,50,5,2024-02-02,No,301.28
9369c1b8-0c64-4df1-b826-79bb741f81c8,Books,5,12.23,49,3,2024-04-01,No,61.15
d6e33171-911b-4a3c-ad4b-f4fbb7a770a2,Books,8,17.91,20,6,2024-03-26,Yes,143.28
52ba1cd0-7fe6-47c9-bfd0-ef0e8dedbea2,Snacks,5,11.85,20,1,2024-08-24,Yes,59.25
ec22fb63-c764-4c0d-9ab6-62b0815e76a0,Toys,7,19.15,44,4,2024-11-09,No,134.05
5f252490-3b5f-4570-b7fb-43373ca01192,Stationery,8,12.81,41,1,2024-01-04,No,102.48
04c42e16-cbeb-49c1-a5a7-f1e5a92ab22f,Books,5,7.57,22,1,2024-02-24,Yes,37.85
c992fd47-cae7-4063-8256-e7278101bdd8,Clothing,2,18.2,27,3,2024-07-30,Yes,36.4
6b075e5b-1a49-42df-93fd-8217931b29f4,Toys,10,9.95,23,2,2024-02-09,No,99.5
44e32a9c-4b0f-4dca-a4f9-09670378cbcd,Toys,7,23.31,28,6,2024-12-03,No,163.17
df2dacfd-3ec3-4b57-bf63-b97a61c8267d,Snacks,4,46.39,35,5,2024-08-11,Yes,185.56
b84b3184-abe8-491c-8cc5-fa89466821bf,Clothing,4,16.36,47,6,2024-01-13,Yes,65.44
40863ee4-0a12-40e6-8b36-99d9657fd038,Clothing,2,24.63,38,5,2024-11-11,Yes,49.26
d5557d86-9f70-4d21-b39c-91a0fe649548,Toys,3,23.52,23,4,2024-12-11,No,70.56
beac20ea-56b5-476b-a6fb-3a0f49aa3245,Books,2,13.39,34,6,2024-06-25,No,26.78
359ed8aa-92ce-490f-83c9-2a13651eae47,Snacks,7,2.52,29,4,2024-05-08,No,17.64
712f7ae2-d62c-4682-aa46-ed62876de3ff,Clothing,3,44.11,43,3,2024-01-30,Yes,132.33
6cd4574d-5ac6-4dcc-90f2-1df03bfaf1d8,Stationery,8,15.36,27,6,2024-07-11,Yes,122.88
147f66c0-9030-4b97-baac-1691d025912d,Snacks,7,6.51,42,4,2024-09-30,Yes,45.57
9d688910-f3d5-4a83-ba11-cdeaf3add7df,Stationery,6,17.65,45,4,2024-12-03,No,105.9
e996bcc0-7052-4472-b05a-87623f6a3e2c,Snacks,6,50.32,47,5,2024-01-23,Yes,301.92
9b7fbc33-2e50-4fe8-8456-c5f63a061ee6,Books,6,39.64,25,3,2024-10-28,No,237.84
e27bd658-f88b-46eb-b423-18ce0d32f177,Books,2,35.87,43,2,2024-11-15,No,71.74
412538f7-117c-4d93-b3ef-d7e233b72df3,Stationery,1,48.77,30,1,2024-10-02,No,48.77
e7b61cc5-af6f-4cd3-968e-04b9949889cc,Toys,5,21.23,31,3,2024-05-21,Yes,106.15
a8a469b1-6679-4608-8267-5d08d86abd5b,Clothing,8,35.31,30,2,2024-07-24,Yes,282.48
8feb7a79-2e4a-4b29-893b-2614dc93ea76,Stationery,8,3.47,29,1,2024-11-14,Yes,27.76
35854c4e-35f0-4691-ad47-27d50be14393,Snacks,9,41.7,43,5,2024-02-26,No,375.3
f7570959-5955-4630-af42-5289c3179e9c,Books,2,28.69,48,4,2024-10-12,No,57.38
36acc5b8-9212-4926-bc9e-5dea3e5390ad,Snacks,5,33.84,31,4,2024-11-01,Yes,169.2
973b0adc-bcdc-49cb-8ff4-b406a1ce8f44,Clothing,5,50.29,26,3,2024-06-26,No,251.45
160ddf68-033e-42fb-ba28-7ea308ed30ee,Clothing,7,26.33,34,4,2024-06-03,No,184.31
85500ac0-7c87-422a-a1bd-a27eaa59a244,Clothing,4,28.1,41,1,2024-01-22,Yes,112.4
e002d22c-7bbc-4ab8-a08c-d43052b3f811,Clothing,1,47.72,24,6,2024-04-04,Yes,47.72
71388460-b48a-4572-8e76-2f4cf859d1e9,Stationery,9,22.13,23,2,2024-09-27,No,199.17
9560150a-fccd-46fd-a4fb-d96edaea3c72,Clothing,4,29.94,43,6,2024-09-23,No,119.76
eb4ab351-dc86-4fec-a6c0-422c3005136b,Stationery,2,2.17,25,4,2024-01-22,No,4.34
5855a29e-115c-4206-a303-fd9bba715256,Clothing,4,7.09,33,1,2024-11-07,No,28.36
8ea9c4ce-5218-427f-b7a5-9a10f53c9987,Snacks,8,24.63,49,4,2024-12-12,No,197.04
deb46eac-b15f-48e3-bc7b-e0246c2a774e,Books,6,39.55,42,3,2024-04-17,Yes,237.3
42b3d506-cb82-4879-8810-26e27a3dedc2,Snacks,7,39.53,44,6,2024-07-11,Yes,276.71
fc3465ad-676f-428b-9495-f5de765f083b,Stationery,2,40.36,46,4,2024-10-13,Yes,80.72
bdd0a411-11ce-4b00-8938-a573ae31aa02,Clothing,1,8.8,32,3,2024-08-24,No,8.8
f84cf4ca-c9d6-4ebb-a0c0-a470065b2c1a,Snacks,4,24.7,37,1,2024-07-10,Yes,98.8
92be6827-2735-4578-a944-071b7bdafee1,Toys,9,4.56,20,2,2024-07-20,Yes,41.04
0ad308b3-9ab1-494e-85f9-f2a5ae666e9c,Stationery,2,16.42,40,3,2024-12-04,No,32.84
cea343c7-76ed-4f34-964b-4ed344ec12d5,Stationery,8,33.54,25,3,2024-01-09,Yes,268.32
1bd4c245-f339-488e-a434-9361c1c35a33,Stationery,7,40.98,24,6,2024-09-07,Yes,286.86
5cbc83ec-b3c4-4cc4-ba83-b55f1e622dd3,Toys,3,30.52,26,1,2024-07-17,Yes,91.56
215c223c-81d8-4940-ae16-b8420c756767,Stationery,7,41.87,37,1,2024-07-29,Yes,293.09
63ffc42a-d209-4116-bca8-89892b2abada,Snacks,5,19.78,50,1,2024-01-24,Yes,98.9
d9e47493-a480-426e-bd67-0b5c05692e43,Toys,2,21.81,20,2,2024-06-24,No,43.62
a604e417-728a-4902-9684-2ee4dee975ec,Stationery,1,3.29,22,5,2024-12-27,No,3.29
c383df8f-aee5-4f3a-b787-928abf181ec2,Toys,9,50.72,24,1,2024-04-29,No,456.48
2786b6ea-bfa2-4daa-874f-71d232d4e176,Stationery,8,23.05,21,5,2024-12-30,Yes,184.4
983e82ea-c33f-4f8d-bb45-9c93b7a76de1,Stationery,1,9.42,21,1,2024-08-23,Yes,9.42
20dd55d4-802e-44ba-85f7-e2f96e2613ac,Snacks,7,25.92,39,5,2024-09-06,No,181.44
